work,family,part_id,layer,layer_name,name,essence,inputs,outputs,gate,gate_kind,failure_mode,elementary,evidence
qthe,substrate,qthe-P01,0,substrate,pack/unpack bijection over one byte,"c <-> (tau, d) is an exact bijection onto {0..3} x {0..63}; bit 7-6 tau, bit 5-0 d.",tau; d,"packed byte c; unpacked {tau,d}",256/256 values round-trip exact AND 256 distinct packed outputs (gate G1),postcondition,any overlap or lossy round-trip would break every downstream trace hash,yes,qthe.mjs:66-69
qthe,substrate,qthe-P02,0,substrate,Psi operator map,"The timbre-to-operator character table {0:0, 1:+1, 2:-1, 3:'i'} — Ground contributes to nothing, Attract amplifies, Repel inverts, Abstain is the looking-glass.",tau,operator character 0 | +1 | -1 | 'i',"PSI === [0, 1, -1, 'i'] asserted by G1",invariant,,yes,qthe.mjs:58-63
qthe,substrate,qthe-P03,0,substrate,split-channel vector pass (integer-exact),"y_j^R = sum(Attract d*x) - sum(Repel d*x), y_j^I = sum(Abstain d*x); Ground excluded even with d>0; no floats in LAYER 0.",weights rows of packed bytes; integer xs,"{re, im} per output channel j","hand-computed fixtures exact and every output Number.isInteger (G4: row0 [A10,R4,I6,G63] x xs[2,3,5,7] -> {re:8, im:30})",postcondition,float leakage or a wrong channel assignment would fail the literal fixtures,yes,qthe.mjs:77-95
qthe,substrate,qthe-P04,0,substrate,substrate allocation with named expandos,"makeSubstrate returns a Uint8Array carrying w, h, ticks, __wormholes and bytes as named properties; serialize via traceView, never JSON.stringify.","w; h; seedFn(x,y,i)",row-major packed cell plane,"w, h positive integers else RangeError",precondition,JSON.stringify would leak expandos into traces (receipted as R5),yes,qthe.mjs:148-160
qthe,substrate,qthe-P05,1,mechanism,64-slot wormhole table,"Static allocation, zero runtime discovery: slot s is empty or {x, y, resonance}; sigma parameter default log2(3).",sigma,"read(slot); write(slot,x,y,resonance); snapshot()","exactly SLOT_COUNT=64 slots; write outside [0,64) throws RangeError",invariant,,yes,qthe.mjs:99-142
qthe,substrate,qthe-P06,1,mechanism,twin-resonance read guard,"An Abstain cell with data d reads slot d live; a hit counts only if the occupant is a different (x,y) with resonance != 0; the term resonance*sigma is added to pressure and emitted as an event.",slot=d of the Abstain cell; wormhole table,"pressure adjustment; twin event {kind,x,y,slot,resonance,term}",lone Abstain cell never twins after its own first write; every event term === log2(3) exactly (G5 schedule),postcondition,"self-resonance (same x,y) or resonance=0 would make single cells self-excite",yes,qthe.mjs:217-224
qthe,substrate,qthe-P07,1,mechanism,"wormhole write, last-writer-wins","After pressure, an Abstain cell writes its own (x, y) and resonance = |real_acc| + 1 to slot d; collisions resolve last-writer-wins while live reads keep same-slot twins mutually audible.","x, y, |acc|+1; slot=d",occupied slot; totalWrites++,totalWrites = 12 after the G5 6-tick twin fixture,postcondition,,yes,"qthe.mjs:123-128, 224"
qthe,substrate,qthe-P08,2,policy,sigma bridge scale policy,"sigma defaults to log2(3) but is a swept parameter: with sigma~1.585 a lone twin flips exactly one unit of net-negative pressure, so the C3 sweep is a real dynamics sweep, not decoration.",sigma override,imaginary pressure scale,"the SPEC prices sigma as OPEN: only the sweep {log2(3), 0.5, 1, 2, 4} decides (C3); the gifted 'proof' is receipted as decorative",budget,treating log2(3) as proven would be LARP; SPEC.md receipted it as decorative,yes,"qthe.mjs:100, 28-35; SPEC.md:75"
qthe,substrate,qthe-P09,1,mechanism,pre-tick snapshot double buffer,Neighbors are always read from the pre-tick grid so in-place update stays synchronous-exact (interpretation receipt R2/R6).,current cells,snap copy reused via __scratch,tick mutates in place and returns the same substrate with synchronous-exact semantics,invariant,,yes,qthe.mjs:172-194
qthe,substrate,qthe-P10,1,mechanism,Moore-8 branchless real accumulator,"Eight toroidal neighbor reads in fixed order: Attract adds d, Repel subtracts d into the real accumulator; fixed order is what makes the wormhole live-read deterministic.","snap; x, y","integer acc in [-504, 504]",G2 full-tick exhaustion: 3840/3840 cell-updates in bounds with tau preserved,invariant,,yes,qthe.mjs:197-214
qthe,substrate,qthe-P11,1,mechanism,nextD saturation rule,"Pure rule table: net-positive pressure moves d toward min(d+1, 63), net-negative toward 0, zero leaves d unchanged.",d; pressure,"new d in [0,63]","2304/2304 exhausted states x 9 pressures stay in [0,63] (G2a — the Coq theorem restated by exhaustion)",postcondition,,yes,qthe.mjs:166-170
qthe,substrate,qthe-P12,1,mechanism,timbre frozen inside tick,tau never changes inside tick — timbre is written only by injectors — which keeps the C2 paired arms clean and the byte's only dynamics in d.,cell byte,cell byte with identical tau,G2: tau preserved EXACTLY on 3840/3840 updates,invariant,any tau mutation inside tick would contaminate the paired-arm C2 comparison,yes,"qthe.mjs:163-165, 226"
qthe,substrate,qthe-P13,1,mechanism,toroidal Moore-8 edges (R1),"Edges wrap, so every cell has exactly 8 neighbors and the update rule is one uniform table with no boundary special case.","w, h","wrap indices (y+h-1)%h, (x+1)%w, ...",,,,yes,"qthe.mjs:18-19, 198-205"
qthe,substrate,qthe-P14,1,mechanism,determinism contract: no Math.random in the kernel,mulberry32 exists only as a SEEDED caller-side generator; tick never draws randomness; same substrate + same opts is byte-identical.,substrate; opts,deterministic advanced substrate,"G3: two substrates, 1000 ticks, all per-tick trace hashes byte-identical; different seed differs; static scan finds ZERO Math.random in the kernel",seal,a nondeterministic tick would void every experiment (determinism or it didn't happen),yes,"qthe.mjs:10-13, 253-265"
qthe,substrate,qthe-P15,3,interface,traceView canonical serialization,"The single JSON-able view of substrate + table + tick events that G3/G6 hash and the A2UI HUD displays; expandos never enter the view and wormhole STATE is recorded, not the flag (R7).",cells; events,"{w,h,ticks,cells,wormholes,events}",an empty table is trace-equivalent to wormholes disabled; paired arms byte-equal with zero Abstain cells (G6/S2),invariant,R7: on the first G6 run the flag itself leaked into traces — found by the gate and receipted,yes,qthe.mjs:243-251
qthe,substrate,qthe-P16,2,policy,paired-arm wormholes flag,opts.wormholes=false disables table reads AND writes (the OFF arm); without Abstain cells the flag must not leak into dynamics at all.,opts.wormholes; substrate,ON/OFF arm pair for C2,G6/S1: ON-trace != OFF-trace (divergence tick exists); G6/S2: with zero Abstain cells ON === OFF byte-identical at all 200 ticks,postcondition,,yes,qthe.mjs:175-190; SPEC.md:74
qthe,substrate,qthe-P17,4,evidence,pre-registered gate predictions G0-G6,"Each gate's prediction is written into the test header BEFORE the first run, per house law; the run records observed numbers; exit 0 iff all gates PASS.",qthe.mjs kernel,tests/receipt.json verdicts + observed,"honest FAILs stay in the receipt chain, never rewritten",seal,,yes,"tests/run_tests.mjs:1-9, 79-80"
qthe,substrate,qthe-P18,4,evidence,stone-v1 receipt chain for tests,"A receipt without a chain is a rumor: G1-G6 seal into tests/receipts.jsonl with observed numbers, fully deterministic so a re-run rewrites identical bytes.",gate results,receipt.json + receipts.jsonl stone chain,re-run produces byte-identical receipts,seal,,yes,qthe.mjs:53-54; tests/run_tests.mjs:78-80
qthe,substrate,qthe-P19,4,evidence,honest-FAIL preservation (G4 erratum),"G4's pre-registered re-literal contained a hand-arithmetic error; the gate FAILS BY LETTER forever and the corrected literal is checked by a post-hoc gate G4-P2 — prediction was wrong, not the kernel; registered gates are never rewritten.",registered G4 literal,standing FAIL + erratum + correction gate,the registered literal is never edited post-registration,invariant,rewriting the registered gate would be tampering with the pre-registration discipline,yes,tests/run_tests.mjs:38-46
qthe,substrate,qthe-P20,4,evidence,two-reader negative controls,"An independent stdlib-only reader walks registered receipt chains and must fail closed: one flipped byte in every row localizes to exactly that row (49/49), plus missing-file, wrong-tip, unknown-chain and mutated-pin-table refusals.",registered chains; pin table with seal,"self-test receipt {cases_total:54, escapes:0}",exit 0 iff every negative control was DETECTED and localized to the correct row,postcondition,any escape (tamper passing silently) is the named catastrophe this part exists to refuse,yes,two_reader/selftest.mjs:6-22; two_reader/verdict.md:1-10
qthe,substrate,qthe-P21,2,policy,priced empirical claims C1-C5,"Layer-2 claims from the gifted corpus (gain of function, wormhole vs traversal, sigma criticality, phase threshold, self-repair) are pre-registered as paired arms with floors — all OPEN, honest null is a crown jewel.",paired-arm experiment designs,claim status table,a claim that dies dies cheap and honest with the receipt kept beside the body; a claim that lives owes a mechanism-level explanation,admission,C3's gifted 'proof' is receipted as decorative (the Gaussian integral yields sigma*sqrt(2pi) for ANY sigma) — only the sweep decides,yes,SPEC.md:69-81
qthe,substrate,qthe-P22,3,interface,A2UI telemetry mapping,"The live mirror: pixel = cell, tau=1 green, tau=2 red, tau=0 gray, tau=3 purple blinking on wormhole activity, 6-bit value = intensity, direct buffer-to-canvas, no log files.",substrate bytes,canvas pixels,HUD SHA stable across reload (demo/smoke screenshots receipted),postcondition,,yes,"SPEC.md:65-67; demo/smoke/smoke.md:17 (checklist item c: HUD sha stable across reloads, cross-runtime MATCH)"
quilt-jepa,substrate,quilt-jepa-P01,0,substrate,xorshift32 deterministic seed,The only randomness source: a 32-bit xorshift generator; seed 0 is coerced to the golden-ratio constant so seed space is total.,u32 seed,"deterministic [0,1) stream",no Math.random anywhere in core (determinism claim P4 PASS),invariant,any hidden nondeterminism voids every byte-exact cross-round binding,yes,core/world.js:6-15
quilt-jepa,substrate,quilt-jepa-P02,0,substrate,wave + ball observation field,A 16x16 luminance field from two phased sinusoids plus a 2x2 ball bump clipped to 1 — the entire observable universe of the world model.,"world state (phases, freq, ball)","Float32Array 256 luminances in [0,1]","values are projections in [0,1] (v*0.5+0.5, min(1, ...))",invariant,,yes,core/world.js:39-56
quilt-jepa,substrate,quilt-jepa-P03,0,substrate,per-cell 4-dim features,"The local observable: [luminance, right-diff, down-diff, luminance-0.5] — the features each cell's encoder reads.",obs; cell index i,4-vector f,,,,yes,core/jepa.js:16-23
quilt-jepa,substrate,quilt-jepa-P04,1,mechanism,per-cell context encoder Wc,"One 4x4 matrix per cell (Float32Array CELLS*16), xorshift-seeded at scale 0.5; encode maps features to the cell's latent.",obs features per cell,context latents z (CELLS x 4),,,,yes,"core/jepa.js:34-47, 48-56"
quilt-jepa,substrate,quilt-jepa-P05,1,mechanism,per-cell predictor Wp,One 4x4 matrix per cell predicting the next latent from the current context latent — the JEPA's learned dynamics.,z_ctx,z_pred,,,,yes,core/jepa.js:66-73
quilt-jepa,substrate,quilt-jepa-P06,1,mechanism,EMA target encoder Wt (stop-gradient),"Wt = tau*Wt + (1-tau)*Wc with tau=0.999 (later pace-aware), providing the stable target the encoder chases — the law that prevents representation collapse.",Wc; tau,Wt target latents,"stationarity drift < 0.01 (claim R2v4 PASS, drift 2.640e-3)",postcondition,an unstable target would let the encoder chase itself into collapse,yes,"core/jepa.js:39-46, 110-113"
quilt-jepa,substrate,quilt-jepa-P07,1,mechanism,clipped-SGD trainStep,"One hand-derived step: gradient 2*(zPred - zTgt)/N clipped to [-1,1], backprop through Wp then Wc, returns the loss — plain readable autodiff by hand.",obs_t; obs_t+1,"updated Wc, Wp; scalar loss L","learning-sanity ratio 0.34923 == run4 pin, re-bound bit-exact through round 10",postcondition,P1_learning honestly FAILED on the easy world (ratio 0.948) in run 1 — kept as the verdict,yes,core/jepa.js:80-115
quilt-jepa,substrate,quilt-jepa-P08,1,mechanism,deterministic corruption probe,corruptWc flips the sign of a seeded fraction of Wc weights — the fault-injection lever for the zero-self-repair and cure-arm experiments.,fraction; seed,corrupted Wc; count flipped,"P6_zero_self_repair honestly FAILed in run 1 (jump_ratio 0.979) — the fault was permanent, receipted as design law paid for",postcondition,,yes,core/jepa.js:123-130; receipts/run.json verdicts
quilt-jepa,substrate,quilt-jepa-P09,0,substrate,stride-4 mesh cells,"The mesh substrate: per-cell Float32 stride 4 [luminance, angle, gradient magnitude, latent/surprise energy], double-buffered with an active-side flag.",obs; energy,two n*4 buffers,lambda = 0.2 <= 0.25 stability bound,invariant,lambda above 0.25 would make diffusion diverge,yes,core/mesh.js:1-17
quilt-jepa,substrate,quilt-jepa-P10,1,mechanism,Perona-Malik diffusion step,One pass on channel 3: each cell exchanges energy with 4 neighbors scaled by conductance exp(-((mc-nb)^2)/kappaSq) — flow pools in flat regions and stalls at edges.,src buffer,dst buffer (buffers swapped),total energy conserved to 1.2e-8 relative (P5 PASS; my scratch rerun measured 0.0 over 10 steps),conservation,any asymmetry in the pairwise exchange would mint or destroy energy,yes,core/mesh.js:33-55
quilt-jepa,substrate,quilt-jepa-P11,1,mechanism,variance contraction readout,"totals() folds the active buffer into {total, mean, variance}; the registered law requires variance non-increasing under diffusion.",active buffer,"{total, mean, variance}",p5_variance_non_increasing true (receipts/run.json),postcondition,,yes,core/mesh.js:56-64
quilt-jepa,substrate,quilt-jepa-P12,2,policy,surprise sampling policy,surprise(sampleIdx) is mean |energy| over chosen cells — upgraded across rounds to percentile-z concentration statistics rather than global means (design law (b): diluted mean-surprise was the root cause of run-1's anomaly FAIL).,energy channel; sample indices,scalar surprise / z-concentration,"R3v4 z-conc 3.5407 > 3.0 (PASS, carried)",postcondition,global mean-surprise diluted the anomaly signal — the honest FAIL that forced law (b),yes,core/mesh.js:65-70; README.md:26-28
quilt-jepa,substrate,quilt-jepa-P13,4,evidence,registration seal (masked self-sha + mtime),Claims are sealed into registration.json BEFORE runs: the file hashes itself with its own sha field masked; the verifier recomputes and also binds the file mtime within 2s.,registration.json bytes; stat mtime,seal verdict,masked self-sha recomputes exactly AND |mtime - sealed| <= 2000ms else fail-closed,seal,file mutated after seal -> 'FAIL registration self-sha mismatch (file mutated after seal)',yes,verify.mjs:32-43
quilt-jepa,substrate,quilt-jepa-P14,4,evidence,stone chain walk from GENESIS,"Every receipt row hashes as sha(prev : canonical{i,id,type,payload} : id); the verifier re-derives the whole chain from the JEPA-GENESIS-1 constant and demands the tip match.",receipts/run.json,chain verdict + tip,"every row re-hashes to its pin, links parent-correct, tip equal; exit 0 only if everything re-hashes",postcondition,'FAIL hash mismatch at row N' names the tampered row,yes,verify.mjs:12-30
quilt-jepa,substrate,quilt-jepa-P15,2,policy,fail-closed startup seal re-verification,The run itself re-verifies the registration seal at startup and refuses to execute otherwise; the verdict is recorded in the receipt (seal_verified_at_startup).,registration-v10.json at run time,refusal or execution,"seal verified at startup, else the run refuses",admission,running against a mutated registration would decouple claims from measurements,yes,run10.mjs:24-26; verdict-v10.md:3-5
quilt-jepa,substrate,quilt-jepa-P16,4,evidence,bit-exact cross-round re-binding,"Every round 4..9 metric must reproduce its round's receipt bit-exactly at sha level (run4 29/29, run5 92/92, design6/run6..run9 identities); the R4 twin executions are byte-identical (sha_round10_run1 == run2).",carried receipts; fresh execution,re-bound shas in the R4 row,"any sha mismatch fails the run — the operating point (lr 0.3, tau 0.99998, K4, amp, seed) is UNCHANGED or the round is void",postcondition,a core arithmetic change would break ten rounds of pinned shas,yes,run10.mjs:2-19; verdict-v10.md:26-28
quilt-jepa,substrate,quilt-jepa-P17,4,evidence,honest-FAIL verdicts carried forward,"DOSE10, SAT10, DIP10 are scored FAIL on pre-priced branches; the round-8 MECH FAIL and round-9 CURE9/DIP9 FAILs carry — 22/28 with the failures in the scorecard, not footnotes.",claim scorecard rules,"verdict fields (28 keys, 22 true)","claims_passed reported as measured, never rounded up",postcondition,,yes,verdict-v10.md:25-31
quilt-jepa,substrate,quilt-jepa-P18,3,interface,browser demo labeled DESIGN-ONLY,"demo/index.html is a WebGPU/WGSL visualization of the same architecture, explicitly never executed headless and never cited as evidence — the interface/artifact boundary is receipted in the README.",architecture design,browser visualization,DESIGN/DEMO ONLY — no headless execution claim,admission,citing the demo as a verified result would be LARP,yes,README.md:22
jev-quilt,substrate,jev-quilt-P01,0,substrate,cell identity law,"coord must be a tuple of two integers (k, s); anything else raises TypeError at construction — identity never floats (Law 1).",name; coord,Cell (or TypeError),non-integer or non-pair coord is refused at __post_init__,admission,a float coordinate would silently create an unfoundable identity,yes,jev_quilt/cell.py:37-54
jev-quilt,substrate,jev-quilt-P02,0,substrate,Hook subscription primitive,"A frozen Hook names a source cell, fires on delta, carries a DEADBAND token or a Q16 magnitude floor, and an optional when-predicate on the emitted state (the touch-shallow gate).",source; floor; when,subscription object,,,,yes,jev_quilt/cell.py:16-26
jev-quilt,substrate,jev-quilt-P03,3,interface,Projection declaration,"Outputs are declared edges (to, as_type): json | coefficient | choice | bytes — this cell renders, another cell decides; types are declared at the edge (Law 3).",decision,typed payload on a named surface,,,,yes,jev_quilt/cell.py:29-35
jev-quilt,substrate,jev-quilt-P04,2,policy,binary viability floor,A decision may LINK/project only above the floor: default viability is confidence > 0.0; pure difference without viability collapses into dada noise (Law 5).,decision (with confidence),viable bool,confidence is None -> viable; else confidence > 0.0 required,admission,"below-floor decisions are booked as REJECTED, never projected",yes,jev_quilt/cell.py:56-62
jev-quilt,substrate,jev-quilt-P05,0,substrate,Q16 exact rational,"Identity arithmetic on (num, den): always reduced coprime, negative denominators normalized, zero denominator raises — the same codec as the fleet's lattice kernel.",num:int; den:int,"exact Q16 with exact +, -, *",den == 0 raises ZeroDivisionError; gcd reduction is an invariant,invariant,,yes,jev_quilt/q16.py:14-45
jev-quilt,substrate,jev-quilt-P06,2,policy,from_float projection refusal,Projection INTO the lattice: a float becomes Q16 only if num/SCALE reproduces it within 1e-12; anything else is refused — never silently rounded identity.,float f,"Q16(num, 10^6) or ValueError",|num/SCALE - f| > 1e-12 -> ValueError,admission,silent rounding would corrupt every downstream exact decision,yes,jev_quilt/q16.py:22-28
jev-quilt,substrate,jev-quilt-P07,2,policy,deadband floor check,A hook wakes only if |delta| >= floor; the DEADBAND token or None floor means no filtering; magnitudes are exact Q16.,hook.floor; delta,passes_floor bool,mag >= floor else silent_deadband,precondition,,yes,jev_quilt/engine.py:67-74
jev-quilt,substrate,jev-quilt-P08,2,policy,unmeasurable deltas wake (honest default),"A delta with no extractable Q16 magnitude always wakes the hook — fail-open for unmeasurable shapes, the opposite of silently dropping what you can't measure.",delta,None magnitude -> wake,mag is None -> return True,precondition,"the named risk is noise amplification, accepted and receipted as the honest default",yes,jev_quilt/engine.py:70-72
jev-quilt,substrate,jev-quilt-P09,1,mechanism,emit fanout with logged silence,"emit(source, delta, state) walks every hooked subscriber: below-floor/declining hooks are logged as WakeResult(woke=False, reason='silent_deadband'), others wake — silence is a recorded outcome, never an absence.",source delta; state,list[WakeResult],every hooked cell gets exactly one WakeResult per emit,conservation,,yes,jev_quilt/engine.py:76-91
jev-quilt,substrate,jev-quilt-P10,2,policy,broken predicate fail-open,A when-predicate that raises must NOT silence the fabric: the exception is caught and the hook wakes — the failure direction is chosen explicitly.,hook.when(state),bool (True on exception),exception -> wake (never drop),invariant,an exception inside a predicate silently starving cells is the named catastrophe,yes,jev_quilt/engine.py:93-100
jev-quilt,substrate,jev-quilt-P11,1,mechanism,"wake = replay book, then decide",A cell woken by a delta first replays its bookkeeper (wake_state catch-up) before any decision — Law 4: replay equals live.,bookkeeper; delta,"caught-up state, then decision",wake_state() precedes backend resolution in _wake,precondition,deciding on a stale book would fork the cell from its own history,yes,jev_quilt/engine.py:102-104
jev-quilt,substrate,jev-quilt-P12,1,mechanism,predictor pre-commit (feeling under the ledger),"If the cell carries a predictor, it predicts BEFORE deciding, so the booked receipt binds feeling and fact in one hash — JEPA's slot, v0 the exact MeanPredictor.",cell.predictor,pre-committed prediction in the receipt,"predictor exception -> pred=None (feeling is optional, never fatal)",postcondition,,yes,jev_quilt/engine.py:106-115
jev-quilt,substrate,jev-quilt-P13,2,policy,backend resolution ladder,"resolve_backend maps auto -> q16 (always available) -> openjev-local (if reachable) -> typesafe-api (if TYPESAFE_API_KEY): exactness first, cloud last.",cell.backend,concrete BackendDecision source,unknown backend refused at Cell construction,admission,,yes,jev_quilt/engine.py:53-56; jev_quilt/cell.py:53-54
jev-quilt,substrate,jev-quilt-P14,4,evidence,Bookkeeper append-only WAL,"Per-cell append-only log of Receipt(tick, state_hash, delta_hash, decision_kind, payload_hash, payload) — the memory is the book; registration wires one per cell (or the honest NullBookkeeper).",tick; state hash; delta; decision,appended Receipt,replay == live (suite test_replay_determinism),postcondition,,yes,jev_quilt/bookkeeper.py:46-53; jev_quilt/engine.py:48-51
jev-quilt,substrate,jev-quilt-P15,0,substrate,fnv1a-64 over UTF-8 bytes,"The shared hash: raw BYTES (never str iteration/ord()) so a Rust receipt and a Python receipt for the same residue agree, non-ASCII included — the same algorithm as the rate limiter, hermit WAL and Rust substrate.",bytes,64-bit hash,cross-language agreement on identical residues (fnv1a reference-vector suite),invariant,hashing str directly would fork Python from Rust receipts,yes,jev_quilt/bookkeeper.py:33-43
jev-quilt,substrate,jev-quilt-P16,4,evidence,receipt sha binds the residue text,"sha() re-derives payload_hash from the retained payload when present, so editing the payload alone breaks replay; empty payload keeps the historical formula — back-compat pinned byte-for-byte.",Receipt fields; payload,chain hash over tick|state|delta|kind|payload_hash,payload edit without hash edit -> replay mismatch (tamper is loud),seal,,yes,jev_quilt/bookkeeper.py:86-100
jev-quilt,substrate,jev-quilt-P17,4,evidence,typed uncapped decision fields (G20a),"Decision-bearing identity (dispatch_id, runner, key, correct, base_verdict, answer) rides as real dataclass fields, never JSON, never sliced by the 200-char payload render budget — identity never floats even in the book.",typed decision fields,\x1f-delimited canonical decision_bytes extending the sha preimage only when set,all-None fields -> empty bytes -> historical preimage byte-identical (additive pin change only),invariant,a render budget evicting a dispatch id would break routing accountability (the C9 fail-open class),yes,jev_quilt/bookkeeper.py:55-84
jev-quilt,substrate,jev-quilt-P18,2,policy,book() refuses what it cannot carry exactly,"A booking with a non-str/bool typed field, or a value containing the reserved \x1f delimiter, raises rather than silently rounds (Law 6 clause iii: booked = foldable).",book() call,Receipt or raise,raise-on-unrepresentable beats round-and-continue,admission,silent rounding of a decision field is exactly the fail-open class G20a closed,yes,jev_quilt/bookkeeper.py:13-17
jev-quilt,substrate,jev-quilt-P19,1,mechanism,NullBookkeeper honesty,"Cells with bookkeeper=False still decide — they just forget: book() no-ops, replay() returns None, verify() returns True, wake_state reports zero booked ticks; forgetting is a declared mode, not a silent omission.",cell.bookkeeper flag,forgetting backend,"wake_state honestly reports booked_ticks: 0, chain: None",invariant,a pretending bookkeeper (fake verify) would be worse than an empty one,yes,jev_quilt/engine.py:21-26
jev-quilt,substrate,jev-quilt-P20,3,interface,polyformal ports with honest verification labels,"The five laws re-exist in Rust (exact Q16 with no float constructor, overflow = None refusal, fnv1a-chained bookkeeper — 13 cargo tests green per README), Mercury (chain_valid/2, labeled UNVERIFIED — no mmc) and Haskell (phantom-typed Lattice/Proj, UNVERIFIED — no ghc): one substrate, several tongues, each labeled with its actual verification status.",kernel semantics,Rust / Mercury / Haskell sources,"UNVERIFIED is printed where no toolchain ran — do not write counts, run the suites",admission,claiming unverified ports as tested would violate the house law,yes,README.md:194-203
quilt-qcells,substrate,quilt-qcells-P01,2,policy,primitive inventory + sugar decomposition at append,"Exactly nine primitive ops {init, m, x, h, rx, rz, cx, crx, swap} may enter a ledger; y/z/ry/t sugar decomposes at append time and NEVER enters (SUGAR_OPS is the refusal set).",op calls on CellCircuit,primitive rows only,P2: only primitive ops in BIND rows across all 16 ledgers,admission,a sugar op in a ledger would break the replay contract,yes,"qcells.py:108-111, 516-525"
quilt-qcells,substrate,quilt-qcells-P02,0,substrate,canonical JSON encoding (C1),"json.dumps(sort_keys=True, separators, ensure_ascii) as UTF-8 — stable, portable, diffable; every non-canonical byte is a parse refusal.",row dict,canonical bytes,parse_ledger: canon(obj) != line -> 'row %d is not in canonical form',invariant,,yes,"qcells.py:127-130, 336-350"
quilt-qcells,substrate,quilt-qcells-P03,0,substrate,row shape + id derivation (C2),"Row = {seq, op, kind, args, prev}; id = fnv1a-64 over the canonical body WITHOUT the id field; exported JSONL lines are self-contained and independently recomputable.","seq, op, kind, args, prev",row id (16 hex chars),id mismatch -> 'content tampered or id forged' at that row,seal,,yes,"qcells.py:137-140, 382-385"
quilt-qcells,substrate,quilt-qcells-P04,0,substrate,single linear chain from genesis (C3),One chain over ALL rows in append order (the only reading satisfying both the gate-sub-chain pin and the PROOF-section pin without forking); genesis prev = 0x0000000000000000 per fleet WAL convention.,rows,prev-linked chain,verify_ledger walks prev == running id from GENESIS; break named at the exact row,conservation,a forked or edited chain breaks every downstream link by construction,yes,"qcells.py:28-33, 99-106, 365-391"
quilt-qcells,substrate,quilt-qcells-P05,0,substrate,fnv1a-64 (C4),"Standard FNV-1a 64-bit (offset 0xcbf29ce484222325, prime 0x100000001b3), lowercase 16-hex rendering — the fleet's WAL hash.",bytes,64-bit hash string,,,,yes,qcells.py:118-124
quilt-qcells,substrate,quilt-qcells-P06,4,evidence,LINK boundary row with simulator pin,"One circuit-boundary cell at open carries (circuit, simulator pin, shots plan); the pin is sha256 of the vendored micromoth.py because the module exposes no version — the oracle itself is bound into the ledger.","num_qubits, num_clbits, name, shots_plan, simulator_sha256",LINK row,conformance refuses if vendored micromoth.py sha256 != pinned bbd10ac2... (fail-closed),precondition,a silently swapped oracle would invalidate every replay comparison,yes,"qcells.py:37-40, 148-160; conformance.py:54, 125-127"
quilt-qcells,substrate,quilt-qcells-P07,1,mechanism,BIND gate rows from actual circuit tuples,"Every gate application emits a BIND {kind:gate, args:{op, qubits, theta?}} derived from the wrapped circuit's real data tuples (sync-based emission), so the ledger is faithful to the circuit by construction; init is a BIND with its payload pinned by sha256, never inlined into VIEWs.",wrapped QuantumCircuit data,BIND rows,emission happens on _sync from qc.data — no parallel hand-maintained history,invariant,a hand-written row diverging from the circuit would fail P1 replay equality,yes,"qcells.py:41-44, 459-479"
quilt-qcells,substrate,quilt-qcells-P08,1,mechanism,TICK layering (qubit-disjoint greedy),The gate chain is partitioned into qubit-disjoint layers in append order; a TICK closes each layer; depth = number of TICKs; TICK is monotonic — rows append even when the state returns home (the x*x nuance).,gate rows,TICK rows; depth,"TICK tracks BIND gate rows only ('m' readouts are records, not gates)",postcondition,,yes,"qcells.py:57-63, 230-247"
quilt-qcells,substrate,quilt-qcells-P09,1,mechanism,EFFECT readout vs collapse split,"The honest event split, receipted: (a) readout = the ('m', q, b) primitive — records wiring, mutates nothing, never collapses; (b) collapse = one cell per shot outcome {shot, outcome, seed}, minted only at sampling.",measure calls; shot outcomes,EFFECT rows of kind readout | collapse,readout rows never mutate gate cells,invariant,calling 'm' a collapse would be physics LARP receipted as dishonest,yes,qcells.py:45-53
quilt-qcells,substrate,quilt-qcells-P10,2,policy,unsealed sampling is minted UNSEALED and excluded,"seed=null collapse rows are EFFECT/UNSEALED — the design's honest determinism hole: they are kept, labeled, and excluded from every determinism claim, and their disagreement is itself a proven negative control (4 unsealed runs disagree).",sampling without seed,EFFECT/UNSEALED rows,determinism claims (P4) cover only the 15/15 sealed circuits,admission,claiming determinism over unseeded sampling would be the named lie,yes,qcells.py:50-53; README.md:50-52; verdict.md P4 (15/15 sealed)
quilt-qcells,substrate,quilt-qcells-P11,3,interface,"VIEW records the view, digest only","A VIEW row records which view was taken (get, digest, shots?, seed?, counts?); statevector and probabilities are never inlined — only their digests.",view call + digest,VIEW row,view digests re-derive by replay (P1),postcondition,,yes,"qcells.py:54-56, 274-280"
quilt-qcells,substrate,quilt-qcells-P12,3,interface,PROOF rounded-amplitude witness,"A PROOF row is a statevector witness at the current TICK: amplitude pairs rounded to declared precision, sha256-pinned as a digest, verifiable by replay — exact-amplitude witnesses are honestly NOT claimed.",statevector; precision,"PROOF row {precision, digest}",sha256(canon(rounded)) == row digest,seal,"digest-pinned witnesses prove replay equality, not exact amplitudes (receipted limit)",yes,"qcells.py:64-66, 281-287; README.md:48-49"
quilt-qcells,substrate,quilt-qcells-P13,2,policy,FORGET tombstone append,"Erasure is a receipt, not an excision: the FORGET row names erased collapse ids; the chain is never edited (deleting rows would break every downstream link and make the ledger lie about its own history).",collapse rows to erase; reason,FORGET row,forget with nothing pending raises LedgerError (refusing an empty erasure receipt),conservation,physical excision would destroy the tamper-evidence the mapping exists for,yes,"qcells.py:67-76, 288-306"
quilt-qcells,substrate,quilt-qcells-P14,3,interface,serving surface filters tombstones,"collapse_records(serve=True) returns non-tombstoned collapse rows: counts stay retained (VIEW), individual shots become FORGET-table — retrieval semantics layered over an immutable chain.",collapse rows; FORGET set,served records,tombstoned ids filtered when serve=True,postcondition,,yes,qcells.py:308-319
quilt-qcells,substrate,quilt-qcells-P15,4,evidence,verify_ledger fail-closed localization,"Recompute the fnv1a-64 chain from genesis over exported bytes; return (False, seq, reason) on the FIRST violated row — content tamper, forged id, prev break, sequence break, non-canonical form, unknown opcode, truncation.",ledger bytes,"(ok, bad_seq, reason)","P3: single-byte tamper of 4254/4254 rows (id-flip, kind-flip, prev-flip x every row of every ledger) detected at exactly the tampered row",postcondition,,yes,qcells.py:353-391; verdict.md P3
quilt-qcells,substrate,quilt-qcells-P16,4,evidence,out-of-band anchor check,"check_anchor(data, tip, row_count) enforces the published (tip, rows) pair — the honestly-declared limit that a hash chain alone cannot detect tail truncation or a well-formed tail extension.",ledger bytes; published tip; published row count,anchor verdict,row count and tip must equal the anchored pair else 'tail added or removed',postcondition,the forged-tail and truncated-tail negative controls prove the chain passes where only the anchor catches,yes,qcells.py:394-408; verdict.md negative controls
quilt-qcells,substrate,quilt-qcells-P17,1,mechanism,rebuild_from_rows (the ledger is the circuit),"Reconstruct a QuantumCircuit from ledger rows ONLY: BIND/gate rows re-emit primitives, EFFECT/readout re-issues measure, LINK supplies (n, m, name); the rebuilt circuit's data equals the wrapped original's data.",ledger rows,QuantumCircuit,"P1: replay == oracle exactly (rebuilt data == wrapped data, statevector ==, sealed counts ==) across 16/16 circuits",postcondition,rows carrying sugar or hand-forged args would fail simulate()-equality,yes,qcells.py:413-457
quilt-qcells,substrate,quilt-qcells-P18,2,policy,initialize refusal after first gate,initialize() is refused once any gate exists — re-initializing would clear the program out from under the chain; measure_all() and circuit __add__ are deliberately not wrapped (declared scope).,initialize call; existing gates,refusal (LedgerError),any existing gate row -> refuse,admission,a mid-chain re-init would orphan every prior row's meaning,yes,"qcells.py:86-88, 481-489"
quilt-qcells,substrate,quilt-qcells-P19,4,evidence,registration seals over the code that runs,conformance --register seals claims PENDING plus sha256+mtime+size of qcells.py / conformance.py / micromoth.py BEFORE runs; every run re-verifies and refuses (exit 2) if the code moved — the code that ran is the code that was sealed.,source files; registration.json,seal verdict,"sha256 equal AND |mtime - sealed| <= 1.0s AND size equal, else FATAL refuse",seal,VERIFIED LIVE: stale mtime seals correctly refused this workspace's normalized timestamps — the refusal is the mechanism working,yes,"conformance.py:88, 118-127"
quilt-qcells,substrate,quilt-qcells-P20,4,evidence,negative controls proving the detection boundary,"Five controls: forged tail extension (chain passes, anchor catches), dropped middle row (sequence break), truncated tail (anchor count catches), fully re-forged chain with doctored init payload (anchor AND payload sha pin fire), unsealed sampling disagreement — the map of what is and is not detectable.",tampered ledgers,5/5 expected detections,"each control must be caught by the named mechanism, and the unsealed hole must be real",postcondition,,yes,verdict.md:39-44; conformance.py:483-490
quilt-qcells,substrate,quilt-qcells-P21,4,evidence,receipt chain over conformance itself,The conformance run seals its own results into a 21-row fnv1a-64 receipt chain (tip 73583aaef12b1d4d) with byte-identical determinism across full runs and no wall-clock values in receipts.,conformance results,receipts/conformance.jsonl + summary.json,two full runs produce byte-identical receipts (no wall-clock leakage),seal,a timestamp in receipts would break the byte-identical crown,yes,verdict.md:45-47; receipts/summary.json
jev-garden,garden,jev-garden-P01,0,substrate,hex lattice substrate,61-cell hex lattice radius 4; hexDist is the axial distance law; every context maps into exactly one cell.,radius (default 4),"lattice cell keys 'q,r'",cell count == 61 at radius 4 (axial formula 3r^2+3r+1),invariant,an off-lattice coordinate would mis-map; prevented because contextCell indexes the built lattice modulo 61,yes,src/field.mjs:L14-L28
jev-garden,garden,jev-garden-P02,0,substrate,canonical byte discipline,"sorted-key canonicalJSON, sha256Hex, fnv1a64 (fleet chain basis), r6 epoch quantisation, and a LABELED LCG fallback stream — no wall-clock, no Math.random anywhere.",any JS value / string / seed hex,"canonical strings, hashes, deterministic uniforms",no wall-clock or Math.random in any deterministic path (header law of canon.mjs),invariant,byte-nondeterministic weaves would break the JS==Python twin claim (P-G5),yes,src/canon.mjs:L1-L49
jev-garden,garden,jev-garden-P03,1,mechanism,context-to-cell pre-registered mapping,contextCell = lattice[fnv1a64(canonical context string) % 61] — the DESIGN.md §4 pre-registered mapping from judgment context to lattice coordinate.,context string,cell key,"same context string always yields the same cell (pre-registered, deterministic)",invariant,re-registering the mapping after growth would invalidate all accumulated memory,yes,src/field.mjs:L30-L35
jev-garden,garden,jev-garden-P04,1,mechanism,deform (JEV soft emit),"every judgment event appends an alpha=0.4-weighted (gamma,eta,delta) deformation to the mapped cell; never a definite token; delta defaults to the creative-band centre 0.5.","contextStr, gamma, surprise, tag","journal row {kind:'deform'}, mutated cell accumulators","deform never emits a definite token — only (gamma,eta,delta) masses",invariant,a hard write here would collapse the wave and erase the non-collapsing claim,yes,src/field.mjs:L48-L68
jev-garden,garden,jev-garden-P05,1,mechanism,observe — the only collapse,"an observed outcome (receipt label, teacher answer, human REVIEW) is the only place supervision exists; it appends an 'observe' row and increments the per-context op aggregate.","contextStr, op, source","journal row {kind:'observe'}, observed aggregate",observations are the only collapses (smoke-asserted),invariant,supervision leaking in anywhere else would make training unauditable,yes,src/field.mjs:L70-L81
jev-garden,garden,jev-garden-P06,4,evidence,hash-chained growth journal,"append-only journal; each row_hash = sha256(canonicalJSON([prev, row])) from GENESIS; verifyJournal replays and names the exact failing seq.",journal rows,"chain tip, verification verdict {ok, at}",verifyJournal ok after clean run; tamper detected AND localized at exact row (selftest rows),seal,a silent rewrite would forge the field's history,yes,src/field.mjs:L83-L102; tests/selftest.mjs:L65-L75
jev-garden,garden,jev-garden-P07,1,mechanism,rhizome prior (amplitude-weighted vote),"pure, non-mutating sense-time aggregate: observed op votes weighted by cell gamma/(aSum)/(1+hexDist) within radius 2; uniform fallback when no mass.","contextStr, radius",op probability table,"total<=0 falls back to uniform 1/7 (no crash, no invention)",postcondition,"empty memory must degrade to honest uniform, not garbage",yes,src/field.mjs:L104-L139
jev-garden,garden,jev-garden-P08,1,mechanism,counted memory prior (A1 addendum),"priorCounted: add-1 smoothed exact-context counts, falling back to the global observed distribution — the payload the P-G2d +13.41pp and the A9/A10/A12 fresh-serve laws ride on.",contextStr,op probability table,"unseen context uses the global observed distribution, never zeros",postcondition,exact-context memorisation does not transfer across circuit families (P-G2b FAIL of record),yes,src/field.mjs:L141-L160
jev-garden,garden,jev-garden-P09,3,interface,sense table serialization (weave-2),"the compact order-free serialization of everything prior() consumes — cells with >=1 observed context carry r6(G), r6(aSum); supervision aggregate sorted bytewise — so the weave artifact can carry the living-memory arm.",rhizome state,"{cells, observed} serializable table","byte-deterministic under canonicalJSON (sorted contexts, sorted ops, r6)",invariant,nondeterministic serialization would break P-G5 cross-substrate identity,yes,src/field.mjs:L181-L199
jev-garden,garden,jev-garden-P10,1,mechanism,qthe prototype arm,growth is adding prototype cells keyed op|yR|yI (integer split-channel QTHE aggregation) — no gradients anywhere; judgment = distance-weighted prototype vote blended with the abstain wormhole.,"train samples (tokens, label)",prototype list + wormhole; judgeQthe probability table,zero-score tie falls back to honest uniform (tie flag returned),postcondition,overflow impossible — integers packed into tau:2+d:6 bytes,yes,src/heads.mjs:L10-L46
jev-garden,garden,jev-garden-P11,1,mechanism,hash-arm SGD head,"softmax over 2^11 hashed n-gram buckets trained by zero-dep JS SGD with sealed HYP (lr 0.5, epochs 12, wd 1e-4, clip 5) — torch-shaped, torch-free, epoch-quantised weights.",train samples,"W[7][2048], b[7]; judgeHash probability table","deterministic: zero-init weights, no RNG (selftest 'trainHash deterministic')",invariant,float drift across substrates — contained by r6 epoch quantisation,yes,src/heads.mjs:L48-L85
jev-garden,garden,jev-garden-P12,2,policy,bigram floor + sealed ensemble lambda,bigram transition counts are the honest enemy floor; ens = lambda*p_head + (1-lambda)*p_rhizome with lambda sealed at 0.5 BEFORE the run to price the kinda-both claim.,"head probs, rhizome prior",ensemble probability table,ENS_LAMBDA=0.5 sealed in PREDICTIONS.md before the run (decision rules before the run),admission,post-hoc lambda tuning would invalidate the bake-off — honest FAILs (P-G2/b/c) are receipted instead,yes,src/heads.mjs:L104-L140
jev-garden,garden,jev-garden-P13,1,mechanism,feature builders,"K=3 context window tokens, qthePack byte packing (tau:2 timbre + d:6 coordinate) with position weights [4,2,1], hashFeatures into 2^11 buckets L2-normalised.","receipt rows (kind, op)","tokens, qthe bytes, sparse feature vectors",K=3 window sealed (selftest 'K=3 window sealed'); hash features L2-normalised and deterministic,invariant,an unsealed window size would silently change the meaning of 'context',yes,src/features.mjs:L15-L93
jev-garden,garden,jev-garden-P14,1,mechanism,grow stream law,one deformation per judgment event + one observation per labeled receipt — the watch->deform->observe loop that makes the garden grow from what flows through the quilt.,"sample stream (ctx, label)",deformed+observed rhizome,every stream sample does exactly one deform and one observe,invariant,observing without judging (or vice versa) would desync memory from supervision,yes,src/weaver.mjs:L10-L18
jev-garden,garden,jev-garden-P15,4,evidence,paired-arm evaluation,"all five arms (bigram, qthe, hash, field, ens) judged on the same sealed samples — paired arms, identical worlds.","trained models, eval samples, rhizome",per-arm top-1 accuracy table,arms differ only in the mechanism under test; identical sample list for every arm,precondition,"unequal worlds would let an arm win by soil, not by mechanism",yes,src/weaver.mjs:L20-L38
jev-garden,garden,jev-garden-P16,2,policy,promotion gate (jeviter lifecycle),"challenger vs incumbent on the sealed eval slice: PROMOTE iff top-1 improves >= +0.02 absolute AND no tracked metric (hash, ens) degrades > 0.05; no incumbent -> PROMOTE (first fruit); ties -> REVIEW; DISCARD is receipted and kept in the journal.","challenger evalMetrics, incumbent evalMetrics","{verdict: PROMOTE|REVIEW|DISCARD, reason}",gain >= +0.02 to promote; any tracked gain < -0.05 discards,admission,a degraded weave promoted would poison serving; saturated soil honestly yields REVIEW/DISCARD (P-G2c lambda*=0),yes,src/weaver.mjs:L40-L55
jev-garden,garden,jev-garden-P17,3,interface,weave artifact v1 compilation,"self-contained JSON artifact (schema jev-garden/weave-v1): sparse hash weights, qthe prototypes+wormhole, sealed hypers, evalMetrics, gate verdict — floats r6, canonical JSON, sha256-sealed.","rhizome, train/eval samples, incumbent, weaveIndex",artifact + artifact_sha256 + compileMs,artifact_sha256 = sha256(canonicalJSON(artifact)); journal_tip chain-tips the artifact to the journal that produced it,seal,an artifact without its journal tip could not be traced to its growth history,yes,src/weaver.mjs:L57-L101
jev-garden,garden,jev-garden-P18,3,interface,weave artifact v2 (sense table rides),same training laws as v1 (byte-identical hash/qthe arms) plus arms.field = the serialized rhizome sense table; registered serve ensemble ens3 = 0.4*hash + 0.4*qthe + 0.2*field.,"rhizome, train/eval samples",weave-v2 artifact + serveMetrics,schema jev-garden/weave-v2; registered weights only (wh/wq/wf),invariant,"the registered ens3 blend FAILED on saturated eval (P-W2b verdict of record, -0.0077) — served only as opt-in",yes,src/weaver.mjs:L114-L176
jev-garden,garden,jev-garden-P19,3,interface,loadWeave fail-closed schema gate,serve refuses unknown weave schemas; rebuilds sparse weights to Float64Array; attaches sense-table prior and opt-in mode flags (A7/A8/A9/A10/A12/A13) only when the artifact pre-registers them.,artifact JSON,"loaded weave {hash, qthe, field?, flags}",unknown weave schema -> throw 'refuse: unknown weave schema',admission,silently loading a foreign artifact would serve unsealed weights,yes,src/serve.mjs:L15-L58
jev-garden,garden,jev-garden-P20,2,policy,judge branch law (registered order),served expression selected in registered order A7 -> A12 -> A10 -> A9 -> A8 -> default v1 (strictest-freshest wins); default is the v1 law ens2 = 0.5*hash + 0.5*qthe; answers carry choice/noul/score + confidence + full probability table.,"loaded weave, state context, questions, judged row",systemone answers + escalate flag + usage tag,gate-closed paths serve the byte-identical v1 expression; opt-in modes change nothing without their artifact flag,invariant,"an ungated mode flipping a saturated judgment — exactly what P-A8 priced (gate opened 11/259 saturated calls, registered FAIL branch executed)",yes,src/serve.mjs:L60-L192
jev-garden,garden,jev-garden-P21,2,policy,escalation budget organ (A13),"the organ holds the lane's spend authority for ONE production walk: the first cap honest escalate signals are granted, later ones refused and COUNTED with reason budget_exhausted — never swallowed; it consumes only the signal, never the served bytes.","cap (escalate_max_per_walk), escalate signals","grant/refuse decisions + {cap, spent, refused, reason}","non-integer or negative cap throws at construction (fail-closed), not mid-walk",budget,a capped organ that perturbed judge() could launder budget policy into judgment,yes,src/serve.mjs:L194-L220
jev-garden,garden,jev-garden-P22,2,policy,escalation threshold (sealed 0.55),ESCALATE_BELOW = 0.55 sealed constant: escalate = top.p < 0.55 — the honest local signal that low-confidence judgments leave the garden.,argmax probability,escalate boolean,"threshold constant sealed, reused as H* by the A8/A9 gated modes",admission,a per-row gate cannot guarantee whole-slice closure (P-A8b: 11/259 saturated opens),yes,src/serve.mjs:L13; src/serve.mjs:L186-L191
jev-garden,garden,jev-garden-P23,3,interface,teacher bridge (escalation organ wire),"the ONLY networked module: hosted JEV (jev-latest, systemone wire) called with the caller's key; returns a usage receipt (model, tokens, latency) that the caller appends to the growth journal — gifted compute leaves receipts.","state, questions, TYPESAFE_API_KEY","receipt {model, usage, latency_ms, answers}",missing TYPESAFE_API_KEY -> fail-closed throw ('teacher channel closed'); HTTP error surfaces status + body,precondition,an unkeyed or silent teacher call would be an unauditable spend,yes,src/teacher.mjs:L1-L31
jev-garden,garden,jev-garden-P24,3,interface,qcells soil adapter,"turns the real quilt-qcells CELL-MAPPING ledgers into garden judgment streams: byte-order-sorted 12 train / 4 eval ledger split, sample building (k-context -> next opcode).","ledger directory (16 ledgers, 1418 rows)",train/eval sample streams,"split is byte-order sorted and sealed (selftest 'split: 12 train / 4 eval', 'split is byte-order sorted')",admission,an unsealed split would let eval soil leak into training,yes,adapters/qcells.mjs:L11-L39
jev-garden,garden,jev-garden-P25,1,mechanism,impact-sensitive anomaly injection,"Task B corrupts COPIES of eval ledgers with semantic op swaps (BIND->EFFECT), seq breaks, prev-hash breaks, and arg corruption that changes the oracle — clean rows interleaved; originals untouched.","rows, rng, rate 0.12",corrupted row copies,changes are impact-sensitive: op/seq/prev/args actually touched (selftest 'changes are impact-sensitive'); 'original rows untouched',precondition,cosmetic corruption would make the validator's AUC a costume,yes,adapters/qcells.mjs:L41-L83
jev-garden,garden,jev-garden-P26,4,evidence,concentration detector + AUC pricing,"validator duty uses windowMax — max per-row surprise in a window, NOT the window mean (quilt-jepa design law (b)) — threshold chosen on TRAIN ledgers only; priced by AUC and FPR.",per-row surprises,"window max statistic, percentile thresholds, AUC",verdict of record: AUC 0.9294 >= 0.90 AND FPR 0.0353 <= 0.10 (P-G4); semantic-only AUC 0.9539 (P-G4b) with seq/prev delegated to the chain reader,postcondition,a mean-based window would dilute a single hard corruption — the exact failure design law (b) forbids,yes,adapters/qcells.mjs:L85-L115
jeviter,garden,jeviter-P01,0,substrate,fnv1a-64 chain basis (café pin),"BigInt FNV-1a 64 over UTF-8 bytes, pinned to the fleet vector fnv1a64(""café Δ 日本語"") === 0x24a555471370b18d so jeviter receipts cross-verify with jev-quilt's Bookkeeper, duke-lab's WASM port and quilt-engine-ports' GDScript from byte one.",string,64-bit BigInt hash,café vector equality holds (pinned by tests),invariant,an unpinned hash would silently fork the fleet's receipt chains,yes,src/profile.js:L1-L15; README.md:L34-L39
jeviter,garden,jeviter-P02,0,substrate,Q16 exact rationals,"exact BigInt n/d rational pair with add/mul and float projection — profiles are exact rationals; KL is computed over rationals, never a float identity.",counts,exact probability rationals,"identity comparisons never pass through floats (floats live in the gain, not the identity)",invariant,float probability identity would make equal texts compare unequal,yes,src/profile.js:L17-L22
jeviter,garden,jeviter-P03,1,mechanism,letter-class profile organ,"distribution of a text over five letter classes (vowels/cons/digits/sep/other) — dense, smooth, stable: the shape-organ that makes ordinary prose comparable.",text,Q16 class distribution,empty/whitespace text normalises against total=1 (no divide-by-zero),postcondition,letter-class is shape-blind to single-leaf flips — which is why profileValue exists (P06),yes,src/profile.js:L24-L40
jeviter,garden,jeviter-P04,1,mechanism,klGain,KL divergence of the new reading from the boundary belief over shared support; the surprise number the whole iteration loops on.,"base distribution, reading distribution",gain (float),p==0 or q==0 shared-support terms contribute nothing (documented semantics),invariant,honest negative of record: blind to CATEGORICAL REPLACEMENT — a flipped verdict digit scored exactly 0.0 in the w2 coroner receipt,yes,src/profile.js:L42-L49
jeviter,garden,jeviter-P05,1,mechanism,klGainStrict (categorical replacement law),"the night-lab receipt folded home: vanished mass (p>0,q==0) and novel mass (p==0,q>0) each count at FULL weight — a category swap is maximal news, not silence; klGain untouched for backward compat.","base distribution, reading distribution",strict gain,"three independent lanes' falsifiers (flipped verdict digit, fixed-grammar stream, maximally different essays) book non-zero",postcondition,"without it, maximally different inputs read as silence",yes,src/profile.js:L51-L72
jeviter,garden,jeviter-P06,1,mechanism,profileValue leaf-class organ,distribution over a structured row's JSON leaf classes keyed `path=value` exactly (no binning) — the organ that sees ONE leaf flip inside receipt rows.,JSON object,leaf-class Q16 distribution,"'verdict=ok' -> 'verdict=fail' is a full class move (~1/leaves-per-row mass), the falsifier that killed coroner v1",postcondition,binning would dilute the flip back into silence,yes,src/profile.js:L74-L99
jeviter,garden,jeviter-P07,2,policy,dynamicThreshold,the threshold is alive: mean + k·σ over admitted gains — a fixed line is a target; this moves.,"accepted gains array, k",threshold,no admissions yet -> threshold 0 (the seed path stays open),precondition,admissions-only statistics can freeze under starvation (cured by P08),yes,src/profile.js:L101-L106
jeviter,garden,jeviter-P08,2,policy,dynamicThresholdEWMA (starvation cure),"baseline = EWMA over ALL pulls, admitted or silenced; amplitude = population σ over all pulls; state.ewma persists across calls — the ratchet keeps amplitude-invariance while the EWMA restores the descent path.","seed gains, all gains, alpha, k, state",threshold + mutated state.ewma,baseline moves on silences too ('25 quiet samples let the baseline forget the day'),invariant,"cures the found-DEAD org-watch state (threshold frozen at 0.100476, 81 rows, zero admissions, no way down)",yes,src/profile.js:L108-L125
jeviter,garden,jeviter-P09,4,evidence,hash-chained receipt ledger,every pull outcome (seed/silence/event/exhausted/shed/escalated/held/merged) is booked as a body string whose fnv1a-64 becomes the chain tail; verify() replays from genesis and tamper breaks at its own row.,"state, payload, kind",chained entry + tail hash,"verify() false on any mutated body; a ledger that verifies with 0 events is receipted QUIET, not a hang",seal,unbooked silence would make downtime unprovable,yes,src/core.js:L14-L35
jeviter,garden,jeviter-P10,1,mechanism,"seed law (no belief, no refusal)",the first pull establishes the boundary belief and books a 'seed' row — seeding is not news and never yields.,first stream reading,belief + seed receipt,"first pull MUST NOT yield as an event (law 1, pinned by tests)",precondition,counting the seed as news would emit a phantom event on every boot,yes,src/core.js:L88-L94
jeviter,garden,jeviter-P11,4,evidence,silence booking,a pull whose gain is under threshold is booked as a 'silence' row carrying gain and threshold to 6 decimals.,gain below threshold,silence receipt,EVERY silenced pull is booked (law 2) — admission accounting stays exact,postcondition,dropped silences would turn a quiet stream into an unauditable hang,yes,src/core.js:L96-L101
jeviter,garden,jeviter-P12,1,mechanism,event admission + belief update,"gain above the live threshold updates the belief, pushes the gain into the admitted set, and yields {text, gain, threshold, pulls, tick} exactly once.",gain above threshold,event yield + event receipt,yield happens iff gain > threshold (admission),admission,yielding on equal gain would let fixed-amplitude noise through,yes,src/core.js:L102-L108
jeviter,garden,jeviter-P13,4,evidence,scanLedger honest readings,"replays a persisted ledger from genesis and names what the silence pattern says: TAMPER (naming the breaking row) / EMPTY / QUIET (receipted quiet, not a hang) / ALIVE with admission percentage.",ledger entries,"{verified, brokenAt, kinds, events, silences, reading}","broken chain names its own row; QUIET is a verdict, not an error",postcondition,a scanner that fails on quiet would costume honest idleness as a crash,yes,src/core.js:L37-L69
jeviter,garden,jeviter-P14,2,policy,Throttle (anti-DoS ratchet),"wraps any fn: the first call seeds the boundary; familiar calls are SHED (receipted, return undefined), surprising calls escalate; the belief window keeps the last 16 payloads.",call text + args,fn result or undefined (shed) + ledger rows,a flood of identical requests self-sheds after exactly one admission — alternating payloads cannot buy perpetual escalation (law 4),conservation,a shed that wasn't booked would be silent request loss,yes,src/core.js:L114-L154
jeviter,garden,jeviter-P15,1,mechanism,PR shape signature,"shapeOf(pr) = sorted top-level areas + churn magnitude bucket (S<50, M<300, L) — the belief currency of the merge governor.","PR {files, adds, dels}",'areas:M' signature string,signature is order-insensitive (areas sorted) — file order cannot fake divergence,invariant,path jitter would manufacture novelty,yes,src/governor.js:L17-L23
jeviter,garden,jeviter-P16,2,policy,MergeGovernor rest law,sequential-merge homeostasis: seed merge first; divergent shapes merge then rest the queue for a FIXED restLen count of held PRs; familiar shapes merge quietly; every hold books a receipt.,PR stream,merge/hold decisions + ledger rows,"rest length is fixed (restLen held PRs), NOT time — wall-clock smuggling is not a release mechanism (law 3); one divergent shape buys exactly one rest",conservation,time-based release would let a jammer pace the queue open,yes,src/governor.js:L25-L74
jeviter,garden,jeviter-P17,4,evidence,readGovernor audit readout,"pure readout of governor state: merged/held/rests counts, queueOpen, the belief window contents, chainVerified, and admission rate to 4 decimals.",governor instance,audit object,chainVerified surfaces ledger integrity with every readout,postcondition,a readout that hid chain state would split judgment from evidence,yes,src/governor.js:L77-L86
jeviter,garden,jeviter-P18,2,policy,distill CITATION gate,every lesson must cite >=1 transcript line (T<n>) and every cite must resolve; unresolved or absent cites are REFUSED with the reason named.,lesson bullet + transcript,pinned lesson or named refusal,unresolved cite -> REFUSED (never silently pinned),admission,an uncited lesson would launder vibes into spec,yes,src/distill.js:L13-L19
jeviter,garden,jeviter-P19,2,policy,distill DUP silence gate,a lesson whose normalized-text hash is already pinned is booked as SILENCE in the admission accounting — repeats never re-pin; hashes bind normalized text so markdown whitespace jitter cannot rewrite a pinned lesson.,lesson normalized text hash,silence receipt or new pin,"already-pinned hash -> silence, never re-pin (dormancy is not costume)",conservation,re-pinning by presence would inflate the spec with duplicates,yes,src/distill.js:L20-L23; src/distill.js:L38-L41
jeviter,garden,jeviter-P20,4,evidence,distill WELL-FORMEDNESS re-parse,"the RENDERED stub is re-parsed and verified: provenance fields present, every lesson carries hash/see/referenced_by, cross-refs bidirectional — the check would catch a hand-edited lie.",rendered CANON stub,well-formedness verdict,hand-edited stub fails re-parse against recomputed transcript hashes,postcondition,a stub trusted because it was just rendered would skip exactly the forgery case,yes,src/distill.js:L27-L33
jeviter,garden,jeviter-P21,2,policy,never-throw refusal receipts,"malformed input yields a refused receipt and an honest empty stub, never a throw — refusal is data.",malformed playtest input,refused receipt + empty stub,no code path throws on malformed input (NEVER-THROW doctrine header),postcondition,a throw would convert bad input into an unbookable crash,yes,src/distill.js:L35-L37
jeviter,garden,jeviter-P22,1,mechanism,dream consolidation (receipted sleep),consolidates the OLD tail of a memory WAL into summaries; originals are RELOCATED to achieved/dormant state (never deleted); summarize returning null REFUSES and refusal is a first-class receipt — a dream you cannot source is a rumor and is never booked as memory.,"memory entries, summarize fn","dream summary + hash-chained dream receipt (dreamId over {summary, sourceIds})",summarize null/undefined -> refusal receipt (precondition); no source entry is ever deleted,conservation,deletion instead of relocation would erase the audit trail of what was forgotten,yes,src/dream.js:L1-L31
jeviter,garden,jeviter-P23,3,interface,MCP stdio server,"streams-as-handles MCP server exposing jeviter_tail, jeviter_next, jeviter_throttle, jeviter_ledger_verify (plus ADE bridge tools) so any MCP client's poll becomes a rest.",JSON-RPC tool calls,tool results over stdio,named handles only — unknown handle refuses rather than guessing,admission,leaking handles across clients would cross-contaminate beliefs,yes,src/mcp.js:L1-L20
jeviter,garden,jeviter-P24,3,interface,CLI + TUI surfaces,"zero-dep command surfaces: tail (file), follow (URL with --k), scan (verify chain + name the silence pattern), digest (stdin), tui (live ANSI instrument panel rendering silences as data).",argv,iterator/scan/TUI sessions,"scan names the silence pattern; TUI renders quiet as data, not as failure costume (test-pinned)",postcondition,a TUI that renders quiet as an error would invert the doctrine,yes,README.md:L43-L50; README.md:L66-L75
exoj,garden,exoj-P01,0,substrate,hex geometry,"axial hexDist = (|dq|+|dq+dr|+|dr|)/2 and hexRing neighbourhood enumeration — the metric all locality (rings, distance-weighted priors) hangs on.",axial coordinates,distance / ring coordinates,,,a wrong axial distance would corrupt every locality-dependent statistic,yes,core.mjs:L50-L62
exoj,garden,exoj-P02,0,substrate,content-addressing primitives,"canonicalJSON (sorted keys, no undefined), sha256Hex, and chainHash(row, prev) = sha256(canonicalJSON([prev, row-without-hash])) — the exact chain basis the fleet shares.",any value / rows,"canonical strings, hashes",key order can never change a hash (sorted canonical form),invariant,non-canonical serialization would let reordered keys forge different proof objects,yes,core.mjs:L32-L46
exoj,garden,exoj-P03,0,substrate,cell state bundle,"Cell carries gamma/eta/delta (seed view), delta_override (observe-pinned definite), strength, frags (content-addressed identity fragments), programs, touched, prob_mass, plus the ledger-policy accumulators G/E/D/aSum/n.","(q, r) coordinates","cell with default eta=1, delta=0.5, prob_mass=1 (fully open)","a never-touched cell is fully open: prob_mass = 1.0, gamma = 0",invariant,a closed-by-default cell would fake prior knowledge,yes,core.mjs:L69-L79
exoj,garden,exoj-P04,1,mechanism,soft_write (seed reference),"convex blend (1-alpha)*old + alpha*new for each amplitude, alpha=0.4; strength = max(strength, gamma); prob_mass relaxes upward 0.98*p + 0.02; order-DEPENDENT by design — the verbatim seed semantics kept as one honest arm.","(g, e, d, alpha)",mutated cell view state,alpha fixed at 0.4 default; write is convex (no overshoot of the targets),invariant,"order-dependence is why e_x1 crowned the ledger policy — retained as the reference arm, not deleted",yes,core.mjs:L82-L89
exoj,garden,exoj-P05,1,mechanism,accumulate (ledger naturality policy),"commutative alpha-weighted accumulation into G/E/D/aSum — a multiset union of write targets; any permutation of the same write multiset lands bit-near-identically (float residual ~1e-15, receipted in e_x1).","(g, e, d, alpha)",mutated accumulators only,permutation of the same writes changes nothing beyond ~1e-15 float noise,invariant,parallel observers writing in different orders would disagree — the exact naturality failure E-X1 killed,yes,core.mjs:L91-L99
exoj,garden,exoj-P06,1,mechanism,amps() aggregate read,"the ONLY place the ledger policy aggregates: gamma=G/aSum, eta=E/aSum, delta = delta_override ?? D/aSum — a definite Delta from observe() outranks any accumulated aggregate.","cell accumulators, delta_override",displayed amplitudes,delta_override outranks the aggregate once set,invariant,aggregating over a pinned observation would un-collapse a collapsed cell,yes,core.mjs:L102-L106
exoj,garden,exoj-P07,1,mechanism,normalizeView (pure sense-time projection),"if the active-cell mean Sigma exceeds 1, rescale gamma/eta in the VIEW only — the 'deferred' fix: normalisation never mutates cell state or the ledger.",cell list,"view Map key -> {gamma', eta', delta}",state untouched after normalisation (pure read),postcondition,the seed's in-place renorm silently mutates bystander cells — measured as collateral_mutations/collateral_mass telemetry,yes,core.mjs:L120-L133
exoj,garden,exoj-P08,0,substrate,field construction (the surface),"ExoJ(name, radius=4, policy) builds the 61-cell lattice Map, seq counter, deformations/observations lists, observers, the event chain with tip EXOJ-GENESIS, and the stats block (norms_fired, shaved_mass, collateral_*, refusals).","name, radius, policy ('seed'|'deferred'|'ledger'|'refuse')",empty open field,lattice contains exactly the cells with hexDist <= radius,invariant,,yes,core.mjs:L137-L155
exoj,garden,exoj-P09,4,evidence,receipt chain (_push / verifyChain),"every event row gets row_hash = chainHash(row, tip) and advances the tip; verifyChain replays from EXOJ-GENESIS and names the failing seq and why ('missing row_hash' / 'hash mismatch'); tip survives save/load.",event rows,"chained rows + tip + {ok, links, tip} verdict","verifyChain ok in memory AND from the reloaded file (PoC 8: links=14, both ok)",seal,any byte edited anywhere in history breaks the chain at that row,yes,core.mjs:L160-L177
exoj,garden,exoj-P10,3,interface,attend (observer registration),"registers an observer at the current seq and pushes a chained 'attend' row — registering to watch is itself a recorded act, but deforms nothing.",observer name,observer record + chained attend row,attending leaves Sigma/prob_open identical to 1e-15 (PoC 4),postcondition,observation-on-attend would make watching itself collapse the wave,yes,core.mjs:L180-L184
exoj,garden,exoj-P11,1,mechanism,seed _norm (honest negative kept),"the seed's silent field-wide renorm after EVERY emit: if active mean Sigma > 1.001, rescale EVERY active cell — kept verbatim but instrumented: norms_fired, shaved_mass, collateral_mutations and collateral_mass (bystander cells moved by a write aimed elsewhere) are counted into stats.",field state after emit,rescaled cells + honest collateral telemetry,"collateral mutations are COUNTED, never hidden (e_x2 crowned the alternatives on this telemetry)",postcondition,a silent global renorm couples every write to every cell — the anti-naturality case,yes,core.mjs:L186-L201; core.mjs:L247-L272
exoj,garden,exoj-P12,1,mechanism,off-lattice fold to origin,"jevEmit/observe/attachProgram fold an off-lattice (q,r) to the origin (0,0) — seed-compatible grace instead of a crash.","(q, r) possibly outside lattice","effective (0,0) target",,,"a silent fold could mask a caller bug — accepted seed-compat tradeoff, visible in the chained row's q/r",yes,core.mjs:L206-L208; core.mjs:L275-L278
exoj,garden,exoj-P13,2,policy,refuse policy (conservation boundary),"quilt-dba mirror policy: a write whose post-Sigma on the TARGET CELL would exceed 1.0 (+1e-12 float guard) is REFUSED — ledger unchanged, refusal COUNTED and chained with would_be_Sigma recorded.",jevEmit target + amplitudes,chained 'refuse' row + stats.refusals/refused_mass,post gamma+eta <= 1.0 + 1e-12 or the write never lands; refusals are never silent,conservation,the boundary is exact in the reference (1585 ok / 1586 refuse); float translation needs the receipted 1e-12 guard,yes,core.mjs:L211-L229
exoj,garden,exoj-P14,1,mechanism,jev_emit (soft vectorized progression),"the JEV step: write (gamma,eta,delta) softly via the active policy, stamp a content-addressed 8-hex identity fragment (name|q|r|seq|backend), attach the program if any, seq+=1, push the chained 'deform' row with cell_Sigma_pre recorded.","(q, r, gamma, eta, delta, opts{tag, program, backend, alpha})",deformed cell + chained deform event,"in-band emits conserve gamma+eta=1 exactly (PoC 5: 100/100, max deviation 0.0)",postcondition,a hard token emit here would collapse the field — the charter's core prohibition,yes,core.mjs:L203-L256
exoj,garden,exoj-P15,1,mechanism,observe (the only collapse),"zeroes the target cell's prob_mass, pins delta and delta_override to the definite value, seq+=1, pushes the chained 'observe' row with prev_prob recorded — the ONLY act that collapses, and it is recorded.","(q, r, definite)",collapsed cell + chained observe row,"PoC 3 sealed rule: target prob_mass == 0 AND hex-neighbour >= 0.999 AND distant cell >= 0.999 (local, never global collapse)",postcondition,any global collapse path would break the chain-of-probabilities claim,yes,core.mjs:L274-L287
exoj,garden,exoj-P16,1,mechanism,attachProgram (schedule receipt),attaches an 'every' (period/next cursor) or 'at' (one-shot) program to a cell and pushes a chained program_attach row snapshotting the spec — the receipt freezes the schedule at attach time because the live cursor advances on every fire.,"(q, r), spec {id, kind, period|at, action}",cell.programs entry + chained snapshot row,the chained spec is a deep copy frozen at attach time,seal,chaining the live cursor would make history mutate as programs fire,yes,core.mjs:L289-L302
exoj,garden,exoj-P17,1,mechanism,tick (temporal programs fire),advances every touched cell's programs to time t: 'every' fires (and refires by period) as soft jevEmit refreshes tagged program:<id> at alpha=0.2; 'at' fires once and marks done; returns the fired list.,time t,fired list + chained program-tagged deform rows,"PoC 7: every-program fires exactly at t in {3,6,9} and at-program exactly once at t=5 by t=10",postcondition,programs are amplitude-independent — they tick cell-groups without touching the linear algebra,yes,core.mjs:L304-L326
exoj,garden,exoj-P18,4,evidence,sense() (pure field readout),"pure read: active-cell means of gamma/eta/delta, Sigma, Sigma_normed, max_cell_Sigma, zone fraction (Delta in [0.4,0.6]), prob_open, deformation/observation counts, observers, policy, chain_tip, norms_fired, refusals.",field state,sense statistics object,PoC 1 sealed rule: |Sigma - 1.0| <= 1e-9 AND max_cell_Sigma <= 1 + 1e-9 after balanced writes,invariant,a sense that mutated state would make every read a write,yes,core.mjs:L328-L354
exoj,garden,exoj-P19,3,interface,project (show-your-work slice),"read-only dependent projection per observer: format exoj-projection-v1, sense, last 12 deformations, last 5 observations, chain_tip, and the non-collapse note — the auditor's first-person log.",observer name (auto-attends if new),projection object,PoC 6: appends ZERO chain rows and leaves Sigma/prob_open unchanged to 1e-15,postcondition,a projecting observer that wrote would turn audit into intervention,yes,core.mjs:L356-L369
exoj,garden,exoj-P20,3,interface,quilt snapshot,"quiltSnapshot() = toDict() of every touched cell — the spatial projection the agent actually sees: rounded amplitudes, strength, prob, last 4 frags, last 3 programs, touched count.",field cells,snapshot cell dicts,untouched cells never appear (the sheet shows only what the wave has visited),invariant,,yes,core.mjs:L371-L373; core.mjs:L108-L117
exoj,garden,exoj-P21,3,interface,save (donnable shell v1),"persists format exoj-shell-v1: sense, quilt snapshot, cells_raw (both seed view and ledger accumulators plus delta_override), deformations, observations, observers, stats, the FULL chain and its tip.",field state,JSON shell file,cells_raw carries G/E/D/aSum/n so the ledger policy round-trips exactly,seal,dropping raw accumulators would lose naturality across a save/load,yes,core.mjs:L375-L398
exoj,garden,exoj-P22,3,interface,load + post-load verification,ExoJ.load rehydrates the shell (defaulting missing delta_override to null) and the PoC battery re-verifies the chain FROM THE FILE — the reloaded field must prove itself.,shell file,rehydrated field,PoC 8: verifyChain ok from the SAVED file after load; tip identical to in-memory,postcondition,a load that skipped chain verification would boot forged history,yes,core.mjs:L400-L417; experiments/e_x0_pocs.mjs:L167-L189
exoj,garden,exoj-P23,2,policy,conservation policy registry,"policy selects the write law: 'seed' (silent renorm + collateral telemetry), 'deferred' (pure sense-time normalisation), 'ledger' (commutative accumulation, crowned by E-X1), 'refuse' (hard per-cell boundary) — four pricing arms over one field.",policy string at construction,write-time behaviour,"unrecognised policy simply takes the seed branch (documented default), all four enumerated in the header law",admission,mixing policies mid-stream would make comparisons meaningless,yes,core.mjs:L10-L22; core.mjs:L138-L141
exoj,garden,exoj-P24,2,policy,JEV backends (soft-only contract),"classical / jepa / quantum-inspired / cellular-llm backends emit soft vectors into the field — the interface contract, not the field's business, which amplitudes they produce; offline deterministic makeBackend(seed).","backend name, step","(g, e, d) soft vector","PoC 5: 100/100 emissions across 4 backends have Delta in [0.4,0.6] AND |gamma+eta-1| <= 1e-9, read from the chained payloads",admission,a backend emitting a definite token would violate the soft-only contract,yes,experiments/e_x0_pocs.mjs:L111-L133; experiments/outputs/ex0_summary.json (p5 block)
exoj,garden,exoj-P25,2,policy,decision rules sealed before results,"e_x0 books run.config, then a poc_rules row with the exact PASS expression per POC, and only then computes numbers — receipts BEFORE interpretation; the receipt chain itself is sealed and re-verified from the written file.",experiment design,sealed rules rows -> results rows -> verdict rows,"rules rows precede result rows in the chain (structural, chain-ordered); no post-hoc verdicts",seal,rules written after numbers would make every PASS unfalsifiable,yes,experiments/e_x0_pocs.mjs:L31-L53; experiments/e_x0_pocs.mjs:L216-L221
exoj,garden,exoj-P26,4,evidence,verdicts computed from telemetry,each PoC verdict is a boolean expression over numbers read from the chained events and sense() — never asserted; summary + verdicts persisted to ex0_summary.json with the chain tip.,results object,verdict map {p1..p8} + all_pass,EX0 VERDICT line is 8/8 PASS only if every sealed rule evaluates true AND the chain verifies in memory and from file,postcondition,"verdicts drafted in advance would be costume, not evidence",yes,experiments/e_x0_pocs.mjs:L191-L214; experiments/e_x0_pocs.mjs:L246-L249
fleet-seeds,garden,fleet-seeds-P01,3,interface,seed intake (the hopper mouth),"seed markdown files (14 in seeds/, from seed1 to seed-story, including the seed-grok2 charter that spawned exoj) are the sole input format: a question written down before any repo exists.",seeds/*.md,seed document for spawn,spawn refuses an existing slug directory ('already exists — pick another slug'),precondition,overwriting an existing lane would destroy a charter of record,yes,README.md:L21-L27; seedbox.mjs:L74-L75
fleet-seeds,garden,fleet-seeds-P02,2,policy,charter injection (seed verbatim),the CHARTER template wraps the seed unmodified under a fixed header: 'The seed below is the charter of record — it is versioned in this repo's first commit and never edited afterward. Every experiment here must carry its decision rules as receipts dated BEFORE the run.',seed text,README.md of the spawned repo,seed text embedded verbatim (seed.trim() + newline only) — no editorial rewrite,invariant,a paraphrased charter would let the spawn drift from the asked question,yes,seedbox.mjs:L9-L37; seedbox.mjs:L77
fleet-seeds,garden,fleet-seeds-P03,2,policy,house doctrine block,every spawn inherits five non-optional laws verbatim: paired arms identical worlds; decision rules before the run; counterfactual measurement; honest negatives fail loudly; replayable smoke on every commit.,charter template,doctrine section in every spawned README,all five laws present in the template (structural: template constant),invariant,a spawn without the doctrine block would repeat the pre-seedbox era of unreceipted scripts,yes,seedbox.mjs:L20-L31
fleet-seeds,garden,fleet-seeds-P04,3,interface,CI workflow at birth,"each spawn gets .github/workflows/smoke.yml: node 22, `node smoke.mjs` on push and workflow_dispatch — the repo proves itself before any feature code exists.",template CI constant,workflow file in spawn,,,a repo whose CI arrives late inherits undocumented breakage,yes,seedbox.mjs:L39-L49; seedbox.mjs:L79-L80
fleet-seeds,garden,fleet-seeds-P05,4,evidence,smoke contract (count is the contract),"smoke.mjs template ships three real checks (sha256 of empty string KAT, randomBytes entropy, charter present), prints per-check marks, and the final 'SMOKE OK (n/n checks)' line with exit code is the contract CI enforces.",spawned repo state,pass/fail verdict + exit code,exit 0 iff fail === 0; the printed count is the CI-enforced contract,postcondition,a stub smoke with no real check would costume rigor,yes,seedbox.mjs:L51-L68
fleet-seeds,garden,fleet-seeds-P06,1,mechanism,deterministic scaffold + first commit,"spawn() writes README/package.json/CI/smoke/.gitignore/outputs/ then git init + add + commit 'seed: charter committed verbatim — the question is the first receipt' — the first commit is law, before any experiment code.","seed path, repo slug",scaffolded repo with 1 commit,commit message fixed; commit exists before the lane ever runs,seal,a spawn whose charter commit comes after experiments has no law to appeal to,yes,seedbox.mjs:L72-L89
fleet-seeds,garden,fleet-seeds-P07,4,evidence,selftest loop (offline dog-food),"--selftest writes a demo seed, spawns .selftest/, runs its smoke via execSync, prints commit count + 'smoke green -> PASS/FAIL', then removes both artifacts — the seedbox verifies its own germination.",demo seed string,"selftest verdict, cleaned tree",PASS iff demo repo has 1 commit AND its smoke output includes 'SMOKE OK'; tree left clean (rmSync of dir + seed),postcondition,a seedbox that could not prove its own spawn would be untrusted scaffolding,yes,seedbox.mjs:L91-L103
fleet-seeds,garden,fleet-seeds-P08,3,interface,dispatch contract,argv dispatch: '--selftest' runs the loop; '<seed> <slug>' spawns; anything else prints usage and exits 1.,argv,spawn / selftest / usage+exit 1,wrong arity -> usage line + exit 1 (never a half-spawn),precondition,a partial spawn on bad args would litter half-scaffolded repos,yes,seedbox.mjs:L105-L108
fleet-seeds,garden,fleet-seeds-P09,2,policy,seed-to-charter identity (exoj lineage),"seeds/seed-grok2.md ('Category-theoretic investigation of the inverted field') appears VERBATIM as the charter in exoj's README — the living proof that spawned repos keep their seed as law, and the direct ancestor link in this decomposition lane (exoj is studied next to it in garden).",seed-grok2.md,exoj charter of record,charter text in the spawned repo == seed text byte-for-byte (verbatim claim checked by reading both),invariant,a diverged charter would break the chain of custody from question to verdict,yes,seeds/seed-grok2.md:L1-L8; exoj (sibling work) README.md:L8-L12
fleet-seeds,garden,fleet-seeds-P10,4,evidence,FLEET.md quilt fold map,"the fleet map as mermaid graph — '17 repos, 27 edges. Regenerated by quilt-links.mjs --graph' — with typed edges (grown-on, consumes, related), the structural evidence of who leans on whom.",fleet repo inventory,mermaid graph + edge list,"regenerable by tool, not hand-maintained prose",postcondition,a hand-edited map would drift from the repos it claims to describe,yes,FLEET.md:L1-L4
fleet-seeds,garden,fleet-seeds-P11,2,policy,lode six-stage discovery loop,"scout -> extract -> score -> register -> lane -> fold, each with a law: no claim without a raw receipt file; Elo-scored mines with written reasons; a mine becomes an experiment ONLY when its falsifiable prediction is sealed (sha256 of exact prediction text in mines.jsonl) and the target lane's registration cites the mine id.","scout receipts, mines.jsonl","registered, priced mines -> wave queue",registration requires the sealed prediction hash + mine-id citation (admission into the fleet experiment queue),admission,"an unsealed 'prediction' would be a post-hoc bet, not a falsifiable one",yes,lode/PROTOCOL.md:L1-L16
fleet-seeds,garden,fleet-seeds-P12,4,evidence,lode fail-closed validation,"lode_validate.mjs enforces schema + hash + append-only on the ledgers, exit 2 on violation, with tamper self-tests; pre-* snapshot files (registry.jsonl.pre-a13, mines.jsonl.pre-m13 ...) preserve ledger history at each append.",registry/mines/lessons jsonl,validation verdict / exit code,append-only enforced fail-closed (exit 2); tamper self-tests included,seal,a rewritten ledger would erase what the fleet predicted and what happened,yes,lode/PROTOCOL.md:L13; lode/registry.jsonl.pre-pong49 (snapshot files in tree)
fleet-seeds,garden,fleet-seeds-P13,3,interface,Tap Tavern (sealed discourse),"'Not a chat room — a ledger': every round is sealed with the Stone (stone-v1 forward format), every voice speaks only from receipted artifacts, every claim carries refs a verifier can check; predictions/answers/ledger per round (round-11, round-12, ...).",round predictions + model answers,sealed round ledgers + summaries,every claim carries verifier-checkable refs (house rules header),postcondition,unsealed rounds would let the fleet argue from memory instead of record,yes,tavern/TAVERN.md:L1-L7
fleet-seeds,garden,fleet-seeds-P14,4,evidence,cross-chain witness rollup (46-e),"rollup.mjs walks EVERY chain the fleet owns (remote chains fetched at pinned commit shas labeled LIVE; local files labeled FIXTURE), emits one witness receipt per chain using the wave-44 grammar, parents them into ONE wave-46 witness chain, then verifies that chain with the UNMODIFIED wave-44 module in-process AND via its CLI.",all fleet chains,one parented witness chain + per-chain receipts,exit 0 IFF every target verified AND the wave-46 chain verifies (with the unmodified verifier — no verifier drift allowed),postcondition,verifying with a patched verifier would let the rollup bless its own output,yes,playtest/wave46/witness-rollout/rollup.mjs:L1-L13
fleet-seeds,garden,fleet-seeds-P15,4,evidence,tool verification battery (wave 45),"zero-dependency, node:crypto-only, offline-only tools: verify-fleet.mjs (kept untouched, additive imports only), truncate-audit.mjs (tests EVERY byte offset 0..len-1 of every chain for truncate resistance), moth-seal, wal-conformance — each with its own .test.mjs.",fleet chain files,per-tool verdicts + receipts,"all artifacts offline only, zero deps, no keys (WAVE45 header law); truncate audit is exhaustive per byte offset",postcondition,a networked or keyed tool would not be runnable by any stranger at audit time,yes,tools/WAVE45.md:L1-L13
fleet-seeds,garden,fleet-seeds-P16,4,evidence,registry of predictions (fleet memory),"registry.jsonl rows: {set_id, repo, commit, predictions, verdict, verdict_commit, registration_ref, ts} — every pre-registered prediction set across the repos, its verdict commit and status; append-only, sampled rows show JEPA-R4/R5 PASS with seal refs.",verdict commits across repos,append-only registry rows,append-only (enforced by P12's validator); each row cites its registration seal,seal,editing a verdict row would rewrite the fleet's memory of its own bets,yes,lode/registry.jsonl:L1-L2
quilt-murmur,swarm,quilt-murmur-P01,0,substrate,"murmur envelope {topic, from, p, n, ttl}","The irreducible gossip atom: what is whispered, by whom, at what belief p, with what evidence mass n, living ttl rounds; provenance v3 adds optional origin (null = I made this).",sender belief p; sender id; topic; evidence mass n,live murmur row (snapshotted into the provenance log),p and n must be finite numbers,precondition,pre-fix: NaN p/n poisoned the WHOLE topic (posterior NaN or silent 0.5); now loud throws at the boundary,yes,"murmur/bus.mjs:L6-L12,L37-L53"
quilt-murmur,swarm,quilt-murmur-P02,0,substrate,fnv1a64 witness chain (seal/verify),"The fleet canon receipt idiom ported verbatim: append-only hash chain, sealChain stamps row_hash = hash(prev, row-minus-hash), verifyChain re-derives and fails with at/why.",event rows,sealed receipt chain; ok/at/why verdict,every row must carry row_hash matching re-derivation from genesis,seal,any byte edited anywhere in the chain breaks verification at that seq (hash mismatch),yes,murmur/receipts.mjs:L5-L37
quilt-murmur,swarm,quilt-murmur-P03,0,substrate,"entropy vault: harvest once, stretch honestly",MOTH_KEY env-only; one quantum harvest fills a bit pool; streamFor derives per-seed sub-streams by two-stage cross-key counter mode (E17 receipted avalanche fix); without a key it degrades to a deterministic LABELED mock — a mock never pretends to be quantum.,"MOTH_KEY (env, optional); harvest shots",bit pool + poolDigest; per-key uniform streams; journal rows tagged mock:true/false,"liveJobs hard cap maxLiveJobs; offline/budget refusal yields labeled mock, never silent",budget,"pre-fix naive counter stream returned near-constant draws (0.595442, 0.595441...) silently degenerating downstream tests",yes,"murmur/moth.mjs:L1-L16,L87-L134,L147-L155"
quilt-murmur,swarm,quilt-murmur-P04,1,mechanism,trust-weighted log-odds pooling (logarithmic opinion pool),"pulse() ages murmurs, groups per topic, computes L = sum w_i*n_i*logit(p_i), posterior = sigmoid(L/W) with p clamped to [0.02,0.98]; also emits voices, agreement (1 - dispersion), dominant, trustMean. Static MurmurBus.pool mirrors the sheet formulas for verification.",live murmurs; trust weights,"Map topic -> {posterior, voices, agreement, dominant, trustMean}",W > 0 else posterior = 0.5; influence mass W is the pool's conservation denominator,conservation,"empty-topic or all-zero-trust topic would silently read 0.5 (documented default, not hidden)",yes,"murmur/bus.mjs:L24-L26,L55-L92,L97-L106"
quilt-murmur,swarm,quilt-murmur-P05,1,mechanism,Hedge fixed-share trust update,"w_i <- ((1-alpha)w_i + alpha/N) * exp(eta*r_i), softmax-stabilized, normalized; fixed-share forgets regime flips so a factor that turns bad loses its crown; per-step weight snapshots recorded.","reward Map id -> r in [0,1]",normalized weight Map; history snapshot,"weights always renormalized to sum 1 (mass conserved); rewards clamped to [0,1]",conservation,"without fixed-share, trust saturates and a turned factor keeps its crown forever (header comment)",yes,"murmur/trust.mjs:L6-L12,L48-L70"
quilt-murmur,swarm,quilt-murmur-P06,1,mechanism,zero-trust quarantine for free,"weight(id) returns 0 for unknown senders; a zero-weight murmur contributes 0*logit = 0 to L and 0 to W — nexus's quarantine needs no code, it falls out of the pool.",sender id,weight (0 if unknown),,,,yes,murmur/trust.mjs:L43-L45; murmur/bus.mjs:L72-L76
quilt-murmur,swarm,quilt-murmur-P07,1,mechanism,entropy + leader readouts,Normalized Shannon entropy of the weight vector (low = the mesh has opinions) and leader() = argmax weight with margin — the scalars the gardener and experiments consume.,current weights,"H in [0,1]; {id, w, margin}",,,,yes,murmur/trust.mjs:L75-L88
quilt-murmur,swarm,quilt-murmur-P08,1,mechanism,novelty-edge extraction (value + jump evidence),"A |dv| > edgeTheta crossing records {t, v, prev, jump} — a copier reproduces the same jump to the same value; honest eyes sharing a regime do NOT share error timings. Only novelty has direction (E19 finding #0).",per-sender quantized p history,per-sender edge lists (pruned to attribution window),,,raw content matching brands the SOURCE an echo of its own plagiarist (autocorrelation is direction-symmetric) — the receipted reason edges carry value+jump,yes,"murmur/provenance.mjs:L13-L29,L83-L98"
quilt-murmur,swarm,quilt-murmur-P09,1,mechanism,relay-first verification (declared origin),"If a murmur declares an origin and its content matches that origin's history at some lag with rate >= confirm, it is a RELAY — checked before any plagiarism scan: a verified claim beats content suspicion; relaying is legal range extension.",origin claim; sender history; origin history,tag 'relay',"matchRate(origin, L) >= 0.8 for some L in 1..maxLag, and origin != self",precondition,declaring a FALSE origin fails content verification (only verifies against the declared origin's own history),yes,"murmur/provenance.mjs:L25-L29,L121-L130; PROTOCOL-V3.md:L29-L36"
quilt-murmur,swarm,quilt-murmur-P10,1,mechanism,echo conviction by edge-precedence rate + mirror guard,"j echoes k iff >= minEdges of j's edges value+jump-align to k's at consistent lag L, alignment RATE >= 0.8 over the window, content corroborates at (k,L), and k does not echo j at any lag at least as strongly (mirror guard); copy-of-copy re-attributes to the root of the chain.",edge lists of all senders; content histories,"tag 'echo' + {of, lag, rate}",aligned >= minEdges AND rate >= confirmEdges(0.8) AND rate > reverse-best AND content >= confirm(0.8),precondition,"edge COUNT convicts innocents (dense error trains + equal levels, E19 finding #1); without the mirror guard the COPY SOURCE gets crushed (E21 receipted a1MFrac 0.021)",yes,murmur/provenance.mjs:L132-L194; murmur/admission.mjs:L149-L156
quilt-murmur,swarm,quilt-murmur-P11,1,mechanism,dup detection (honest redundancy),Flat content (sd <= dupSigma) that also matches someone's past is DUP: two equal eyes colliding at p~0.5 get influence x0.5 and NO trust penalty — the asymmetry prefers dup over echo when evidence is ambiguous because false-dup harm is bounded.,sender window sd; content match-rates,tag 'dup' or 'clean',"sd <= dupSigma(0.02) AND matchRate(id2, L) >= confirm for some peer/lag",precondition,false dup costs only the correlation itself (pooled votes barely move when merged),yes,"murmur/provenance.mjs:L44-L50,L196-L208; PROTOCOL-V3.md:L44-L53"
quilt-murmur,swarm,quilt-murmur-P12,1,mechanism,influence re-attribution (tags -> weights),"Raw trust becomes pool influence per tag: echo x0.15, dup x0.5, relay = epsRelay x trust(origin), clean = own. The sheet's pool formulas never change — provenance only changes what weights ARRIVE at the w.* cells.",raw weight Map; current tags; murmurs,influence Map (pool inputs),,,sheet inference math stays pure by construction (v3 doctrine one layer deeper); verified byte-identical 480/480,yes,"murmur/provenance.mjs:L39-L41,L241-L252; PROTOCOL-V3.md:L84-L89"
quilt-murmur,swarm,quilt-murmur-P13,1,mechanism,state-level echo penalty with floor (absorb path),"Confirmed plagiarists' trust is multiplied by (1-0.15)/round while convicted, floored at 0.02, renormalized, and written back into the learner via absorb so the penalty persists across rounds and re-earns through the normal Hedge path; tags unstick when copying stops (72/72 reformed).",weight Map; current tags,"penalized, renormalized weight Map",penalized weight floored at floor=0.02 — never zeroed (reform must remain possible),invariant,permanent branding would make a reformed plagiarist unrecoverable; tags are re-reviewed every round,yes,"murmur/provenance.mjs:L254-L267,L213-L232; murmur/trust.mjs:L34-L41"
quilt-murmur,swarm,quilt-murmur-P14,1,mechanism,fractional per-murmur attribution (v3.1),"Continuous echo-score s_j (EWMA of corroborated alignment rate, mirror-guarded) times a value-novelty term: m = (1-s_j)*(alpha + (1-alpha)*n_j); influence = w*min(m, tagCap). The novelty term reacts in round one of copying; the echo-score needs ~2 novelty events — complementary in time. Receipted limit: correctness is RELATIVE (copiers sink below honest voices), never absolute.",edge lists; present murmurs; raw weights; hard tags,per-murmur multiplier m and influence,"infl = w * min(m, tagCap) — hard tag caps the extreme, soft score does the fine grading",budget,value-novelty is direction-blind: the copied SOURCE also loses novelty while copies exist; direction lives in s_j only (admission.mjs header),yes,"murmur/admission.mjs:L15-L36,L248-L277"
quilt-murmur,swarm,quilt-murmur-P15,2,policy,cold-start admission gate,"Joiners are PROBATIONARY (influence x epsNew=0.15) until age >= admitWindow(40) AND >= minEdgesIndep(2) independent novelty edges (independence fixed at edge-creation time: a later matcher would be the copier, not the source) AND mean |p - pooled| <= admitErr(0.5) during probation.",firstSeen age; independent edge count; probation deviation mean,admitAt round or continued probation,"age >= 40 AND indepEdges >= 2 AND devMean <= 0.5, else influence stays x epsNew",admission,"a pure-noise joiner passes independence (edges echo nobody) — the HedgeTrust outcome learner demotes it; admission gates IDENTITY economics, not competence; E35 showed a patient sleeper can walk through probation honestly and flip after admission",yes,"murmur/admission.mjs:L38-L49,L196-L206,L209-L219; experiments/e35_sleeper.mjs:L1-L24"
quilt-murmur,swarm,quilt-murmur-P16,2,policy,aggregate probationary influence cap (sybil flood-breaker),Total probationary influence mass per round is capped at capShare=0.10 of the round total via closed-form fixed-point redistribution; no number of fresh copies can buy more than capShare of the vote no matter how their trust was bootstrapped.,influence Map; probationary id list,rescaled influence Map (total mass preserved); capBoundRounds counter,"P <= capShare*Z enforced exactly (post-cap share = capShare), then uniform renormalize back to Z",budget,"capShare is PROBATION-ONLY economics: E33 receipted 48 sybils legitimately ADMITTED (copying an uncorroborated founder reads as independent), after which the cap no longer applies and share hits 0.136",yes,"murmur/admission.mjs:L44-L49,L279-L300; experiments/outputs/e33_summary.json"
quilt-murmur,swarm,quilt-murmur-P17,2,policy,founder acclamation (D1 genesis rule),"Senders present at the FIRST observe() round are admitted at round 1, never probationary: admission prices UNKNOWN mid-stream joiners; the genesis crowd is constitutive. Receipted grounds: honest relays would strand forever (their edges are echoes of their origin by design) and taxing the first ~100 rounds buys no anti-sybil gain.",observe() round counter; coldStart flag,admitAt = 1 for genesis crowd,present at round 1 AND coldStart -> admitted by acclamation,precondition,"sybils present AT genesis are trust's problem (E17/E19 territory), not admission's — boundary honestly drawn",yes,"murmur/admission.mjs:L51-L60,L130-L133"
quilt-murmur,swarm,quilt-murmur-P18,2,policy,hard-tag backstop caps,"The per-sender hard tags remain CAPS on the extremes while the fractional layer does fine grading: echo caps at epsEcho 0.15, dup at 0.5, clean at 1; verified relays keep pure provenance semantics and are NEVER judged by the independence bar (a relay's evidence is by construction echoed).",Provenance tagOf(id); fractional multiplier m,"final influence = w * min(m, tagCap)","min(m, tagCap) — soft layer can only lower, hard tag bounds the worst case",budget,per-SENDER hard tags are coarse: everything a convicted sender says is x epsEcho until it reforms,yes,"murmur/admission.mjs:L31-L36,L261-L271"
quilt-murmur,swarm,quilt-murmur-P19,1,mechanism,whisper boundary fail-safes (gauntlet fixes),Non-finite p/n throw at the envelope boundary; the provenance log stores a SNAPSHOT of each envelope because pulse() decays ttl in place on shared references (receipted: log silently aged with the live queue).,whisper arguments,live murmur + immutable log row,Number.isFinite(p) && Number.isFinite(n) else throw,precondition,pre-fix: one bad voice silently destroyed every other voice's evidence (NaN L) and the provenance log aged with live state,yes,"murmur/bus.mjs:L38-L52,L97-L98"
quilt-murmur,swarm,quilt-murmur-P20,2,policy,gardener meta-bandit under a hard credit budget,"epsilon-greedy over bold/steady/timid policies; each reads vitals (r, H, regretDr, alive) and writes temperature, prune floor, spawn decision, graft aggression; spawning spends credits (refill 0.5/round, cap 8), each policy has a distinct credit floor (bold>=1, steady>=2, timid>=3) and alive < maxBranches.",r; H; regretDr; alive; credits,"{policy, temp, pruneFloor, spawn, graftAggr}",spawn only if alive < maxBranches AND credits >= policy floor AND world-signal condition,budget,pre-fix floors (>0/1/2) let fractional refills drive credits NEGATIVE (receipted: bold at 0.5 spawned to -0.9) — the hard budget leaked,yes,"murmur/gardener.mjs:L9-L27,L45-L75,L84-L86"
quilt-murmur,swarm,quilt-murmur-P21,1,mechanism,spreader: branch / prune / graft,"branch = copy base factor estimates with Irwin-Hall jitter from the branch's own vault stream (grafted ids override jitter — the fruit moves intact); prune = kill worst-ranked branches whose last-place streak exceeds floorStreak, at most maxDead per generation; graftPlan transplants the factors the mesh trusts most (trust guides the knife).",base estimates Map; per-branch rng; trust weights; streak/rank stats,branch id + seed + estimates; doomed list; graft plan,"prune: streak >= floorStreak, ranked worst, capped at maxDead (2) per generation",budget,"graft cycles silently corrupt topology (handled at tree level, P22); unbounded prune would erase diversity",yes,murmur/spreader.mjs:L21-L78
quilt-murmur,swarm,quilt-murmur-P22,1,mechanism,"tree operators: subtree graft with cycle rejection, pure candidate views","E23's lift: scoreTree T = wq*discounted leaf quality + wc*canopyResonance + wd*lineageDiversity - ws*mean(depth^2)/budget evaluated on CLONED views (no mutation); graftSubtree re-roots a subtree shifting depths, pruneSubtree kills node+descent and eases siblings' failing streaks; illegal re-roots throw, candidate views return null.",tree view snapshots; qualityFn; candidate topology,"scored candidate {T, r, leafMean, div}; grafted/pruned tree","graft target must NOT be inside the moving subtree (cycle) — throw in graftSubtree, null in graftView; accept iff T rises",invariant,pre-fix re-rooting into one's own subtree hung rootPath()/lineageDiversity() FOREVER (receipted child-process repro),yes,"murmur/tree_ops.mjs:L54-L99,L110-L136"
quilt-murmur,swarm,quilt-murmur-P23,1,mechanism,Kuramoto resonance (agreement as physics),"Each branch is an oscillator (phase = opinion, omega = drift); coupling = endorsement agreement; order parameter r = |mean(e^{i-theta})| is the scalar a meta-cell reads. Receipted honesty: r is a lie detector (Delta = -0.141, 19/20 seeds), NOT an accuracy meter (corr ~ 0, null receipted).",phases; omegas; agreement matrix,r trajectory; order parameter,"r must EARN its keep: corr(r_t, future regret) receipted each run; gating trust on r HURTS (E22 corollary)",postcondition,a mesh can be coherently wrong — reading r-levels instead of r-drops mistakes consensus for truth,yes,"murmur/resonance.mjs:L13-L21,L33-L58; README.md:L56-L58"
quilt-murmur,swarm,quilt-murmur-P24,2,policy,"founder-velocity guard (v3.2 candidate, experiment-local)","Watches each ENTRENCHED voice's reward trajectory: longRun = EWMA_0.01, recent = EWMA_0.08; trip on gap > 0.15 for 8 rounds PLUS a wrong-side band test (recent reward < 0.45, between toxic 0.375 and honest >= 0.5 asymptotes); while tripped, absorb a per-round x0.85 multiplier. First lever acting on WHAT a voice says, not where it came from. E31: trips 8/8 seeds (median 25 rounds post-turn), ZERO false trips, reaches 0.25x demotion 88.5 rounds faster.",per-voice reward stream; entrench age >= 100,trip/hold/untrip action + penalty rounds,"EWMA gap > delta(0.15) for k(8) rounds AND recent < recentCeil(0.45), only for entrenched voices; untrip at gap < 0.10",invariant,protocol layers are founder-blind to self-authored values (E27: the 0.25x bar NEVER reached within 250 post-turn rounds without the guard); guard was receipted against a HARDER generator than E27's mislabeled one (E31 generator receipt),yes,"experiments/e31_founder_guard.mjs:L1-L66,L156-L196; experiments/outputs/e31_summary.json; README.md:L137-L146"
quilt-murmur,swarm,quilt-murmur-P25,3,interface,"the sheet pattern (repo-as-sheet, seasonal loop)",env.* sensors -> ex{i}.b{X} endorsement cells -> br{X}.* branches -> t.f* trust cells -> mesh.scar listener reflex -> gardener -> receipts.jsonl; the seasonal loop sense -> infer -> elect -> pay -> learn; reflexes write their own memory (engine.get on a program re-executes it — receipted engine lesson).,loadSheet cell definitions; vault-elected picks,"a runnable mesh sheet (smoke sheet: 6 cells, ~140 cells in E14)","dotted-prefix law, listener caller.metadata contract, CellValue unwrap, multi-char ids — four receipted engine lessons are load-bearing conventions",precondition,bare `current` in listener conditions is silently undefined; 1-char ids corrupt candidate ids after formula compilation,yes,"MESH.md:L112-L133,L144-L164; experiments/smoke.mjs:L16-L30"
quilt-murmur,swarm,quilt-murmur-P26,4,evidence,smoke gate (CI-first one-pass verification),"16 checks across engine, bus, trust, spreader, resonance, gardener, vault statistics, receipts, and the full provenance lifecycle (relay verified, echo convicted, source clean, influence discounted, conviction unsticks) — runs first, exits nonzero on any fail.",all five primitives + provenance,SMOKE OK / SMOKE FAILED (n),fails === 0 else exit(1),postcondition,any primitive regression blocks CI before experiments can manufacture numbers,yes,experiments/smoke.mjs:L13-L102 (run 2026: 16/16 pass)
quilt-murmur,swarm,quilt-murmur-P27,4,evidence,experiment receipt summaries (verdict history),"Every E-experiment lands a *_summary.json + receipts_*.jsonl in experiments/outputs: E17 gossip trust + echo vulnerability, E21 admission (sybShareSpin 0.069 -> 0.010, verify 200/200), E31 guard, E33 flood, E35 sleeper, E37 trust lane — the verdict ledger this decomposition reads.","paired-arm experiment runs (identical worlds, same seeds)",machine-readable verdict JSON per experiment,,,E21 receipted a metric bug: a denominator error MANUFACTURED a copy-source conviction (0.0208 = 0.25/13) that forensics dissolved — summaries record their own corrections,yes,"experiments/outputs/e17_summary.json,e21_summary.json,e31_summary.json,e33_summary.json,e35_summary.json,e37_summary.json (inspected)"
quilt-murmur,swarm,quilt-murmur-P28,4,evidence,in-run equivalence verifications,"The sheet's pooled cells are checked against reference math at sampled rounds every run: E14 pool✗=0, E16 maxDiff 0 over 4000 rounds, E17 4800/4800 at 1e-9, E19 480/480 across arms, E21 verify 200/200; full reruns bit-exact 4/4 — the pool digest is the reproducible universe handle.",sheet formulas; MurmurBus.pool reference,checks/pass counts in summaries,sheet pooling must equal reference math byte-for-byte or the run is invalid,postcondition,a Math.random-fed vault diverges at round 0 (E34) — determinism is productivity itself,yes,"MESH.md:L60-L63; README.md:L70-L71,L164-L166; experiments/outputs/e21_summary.json (verify.checks 200, pass 200)"
quilt-pincher,swarm,quilt-pincher-P01,0,substrate,the pinch envelope,"Input atom: {trigger, context?, safety?} — a raw trigger string plus optional context and safety hints (sandbox/network/filesystem/timeoutMs) that the veto will check against the reflex's own constraints.",trigger string; context object; SafetyHints,Pinch record,,,,yes,src/core/types.ts:L13-L32
quilt-pincher,swarm,quilt-pincher-P02,0,substrate,the reflex record,"Learned pattern: {id, embedding, intent, action, safety, confidence, hits, createdAt, lastHitAt, provenance?} — the unit stored, scored, and executed; provenance records who compiled it and (optionally) its parent reflex.",compiled intent + action; embedding vector; safety constraints,Reflex stored in the reflex store,,,,yes,src/core/types.ts:L35-L56
quilt-pincher,swarm,quilt-pincher-P03,1,mechanism,brute-force cosine reflex store with upstream federation,MemoryReflexStore scores every entry by cosine similarity and returns top-k; up to ~10K reflexes this beats an HNSW index because the search fits in L2; an optional upstream store mirrors every insert/delete (the federation hook).,query embedding; k; reflex entries,"top-k {reflex, score} list",cosine returns 0 on dimension mismatch (never throws mid-match),precondition,dimension-mismatched embeddings silently score 0 (safe but invisible without an audit cell),yes,"src/adapters/memory-store.ts:L1-L57,L59-L68"
quilt-pincher,swarm,quilt-pincher-P04,1,mechanism,trigger embedding (pluggable embedder),"run() step 1: embed(pinch.trigger); three implementations — CloudflareAIEmbedder (remote), QuiltAIEmbedder, OfflineEmbedder — plus HashEmbedder, a deterministic character-histogram embedder for tests/demos/offline use.",trigger text,normalized vector,,,"hash embedder is semantic-free: two different triggers can collide; fine for tests, not for production matching",yes,"src/core/engine.ts:L38-L39,L189-L200; src/adapters/embedding-adapter.ts:L12-L35"
quilt-pincher,swarm,quilt-pincher-P05,1,mechanism,top-5 match query,"run() step 2: store.query(embedding, 5) — the reflex database is consulted before anything else; empty results fall through to the compile tier.",query embedding,ranked candidate reflexes,,,,yes,src/core/engine.ts:L41-L42
quilt-pincher,swarm,quilt-pincher-P06,1,mechanism,three-way tier router,Routing law: matches[0].score < confirmThreshold -> compile tier; >= hitThreshold -> direct execute (FAST); else confirm-and-execute (MEDIUM). The tier is returned in the result kind so latency budgets are observable per pinch.,top match score; hitThreshold; confirmThreshold,route to executeDirectly | confirmAndExecute | compileAndStore,score >= 0.80 for direct hit; 0.55 <= score < 0.80 for confirm,precondition,an embedding drift that drops all scores below 0.55 silently converts every pinch into an LLM compile (cost spike) — threshold tuning is operational policy,yes,src/core/engine.ts:L35-L57; README.md:L62-L66
quilt-pincher,swarm,quilt-pincher-P07,1,mechanism,reflex execution with timeout,"The reflex's action string is evaluated as an async JS expression via new Function with the pinch in scope, raced against a 5s executionTimeoutMs; failures become 'Execution failed: ...' errors.",reflex.action; pinch context,output value or thrown error,Promise.race against executionTimeoutMs (default 5000) — a hung reflex cannot hang the engine,budget,"HONEST RISK (comment in code): 'In production this would be sandboxed' — today the action runs unsandboxed via eval-in-Function; the veto checks declared hints, not real effects",yes,src/core/engine.ts:L121-L136
quilt-pincher,swarm,quilt-pincher-P08,1,mechanism,confidence climb (logarithmic hit economics),"Every executed reflex bumps hits and lastHitAt and recomputes confidence = min(0.99, 0.5 + 0.49*log10(1+hits)) — trust in a reflex grows with reuse and saturates below certainty.",reflex id (from store),"updated reflex (hits, lastHitAt, confidence)","confidence clamped to [0.5 start, 0.99 ceiling] — invariant band",invariant,confidence measures FREQUENCY not CORRECTNESS: a confidently wrong reflex that keeps matching climbs the same curve,yes,src/core/engine.ts:L138-L147
quilt-pincher,swarm,quilt-pincher-P09,1,mechanism,compile-and-store (the LLM as compiler),"SLOW tier: compiler.compile(pinch) returns {intent, action}; the new reflex is created at confidence 0.5 with provenance compiledBy:'compiler', veto-checked, inserted, then executed once for the caller — future identical pinches hit the FAST tier.",unmatched pinch; Compiler implementation,new Reflex persisted; compiled result,veto check runs on the FRESH reflex before insert+execute (a compiled reflex can be born vetoed),admission,without a compiler configured the tier returns an error result rather than hallucinating an action (fail-closed),yes,src/core/engine.ts:L92-L119
quilt-pincher,swarm,quilt-pincher-P10,2,policy,veto gate (safety before execution),DefaultVeto compares the pinch's SafetyHints to the reflex's declared constraints and refuses escalation: pinch wants network 'any' but reflex is restricted -> refused; pinch wants filesystem 'any' but reflex restricted -> refused; pinch wants sandbox 'none' but reflex requires wasm -> refused. Every tier (hit/confirm/compiled) passes through it.,reflex.safety; pinch.safety,"{ok: true} | {ok: false, reason}",no execution without veto.ok — refusal reason becomes the result's 'vetoed' kind,admission,the default veto compares DECLARED hints only; an action that lies about its needs is not caught at this layer,yes,"src/core/engine.ts:L63-L71,L202-L217"
quilt-pincher,swarm,quilt-pincher-P11,2,policy,tier thresholds as configuration,hitThreshold (0.80) and confirmThreshold (0.55) are constructor policy — the same engine can be tuned more paranoid (raise both) or more reflexive (lower them) without code changes.,PincherConfig,engine routing policy,thresholds are read once at construction — mid-flight policy changes are not possible (deterministic per engine instance),precondition,,yes,src/core/engine.ts:L24-L32; src/core/types.ts:L92-L103
quilt-pincher,swarm,quilt-pincher-P12,2,policy,no-compiler fail-closed path,"If the match fails and no Compiler is configured (the ESP32/offline case), run() returns {kind:'error', error:'No match and no compiler configured'} — the engine never invents an action it cannot source.",empty/weak matches; compiler presence,error PinchResult with latencyMs,compile tier requires this.compiler !== undefined,precondition,on the edge this surfaces as an error result rather than a silent fallback — visible in the result stream,yes,"src/core/engine.ts:L43-L48,L93-L96"
quilt-pincher,swarm,quilt-pincher-P13,3,interface,PincherSheet descriptor (engine as cells),"PincherSheet(config) builds the engine AND declares the six cells {pinch:formula, match:program, execute:program, veto:listener, compile:ai, store:vector_store} with descriptions — the sheet is the public architecture diagram, loadable into any QuiltEngine.",PincherSheetConfig,"{name, engine, cells descriptor}",,,"HONEST GAP: the descriptor declares the cells but runPinch still drives sheet.engine.run directly — the cell graph is the architecture contract, not yet the execution path",yes,src/cells/sheet.ts:L37-L57
quilt-pincher,swarm,quilt-pincher-P14,3,interface,.nail bundle export + ESP32 loadNail,"exportNail(name, tier) packages agent state {version, reflexes, vetoRules, compileHistory, metadata}; buildNail produces the EmbeddedNail and ESP32Engine.loadNail boots an offline engine from it — reflexes become available with no LLM and no network.",engine state; tier label,NailBundle / EmbeddedNail; booted ESP32Engine,,,HONEST GAP: exportNail returns allReflexes() which is currently a demo stub returning [] (engine.ts:L155-L160) — bundles exported through this path are empty; esp32's buildNail is the working path,yes,"src/core/engine.ts:L154-L182; src/platforms/esp32.ts:L18-L36,L71; src/index.ts:L36-L39"
quilt-pincher,swarm,quilt-pincher-P15,3,interface,platform sheets (cloud / workstation / esp32 defaults),"cloudSheet, workstationSheet (SQLite + sqlite-vec), esp32Sheet (in-memory, no LLM) return the same sheet with tier-appropriate stores and embedders — one code path, three compute tiers, matching the README's latency table.",tier choice,configured PincherSheet,,,,yes,src/index.ts:L36-L39; README.md:L37-L45
quilt-pincher,swarm,quilt-pincher-P16,4,evidence,node:test suite (12 checks),"test/reflex.test.ts covers direct hit, trigger variation, confirm tier, compile tier with a mock compiler, veto refusals, confidence climb, sheet composition, and the three platform sheets incl. .nail loading — the repo's dog-food gate.",PincherEngine + MemoryReflexStore + HashEmbedder + DefaultVeto,pass/fail per check (12/12 on run),"assert.equal(result.kind, 'hit') etc. — tier outcomes are the contract",postcondition,repo ships without node_modules/dist; tests need tsx from a sibling checkout (local-only workaround used for this audit),yes,test/reflex.test.ts:L10-L72; package.json scripts
quilt-pincher,swarm,quilt-pincher-P17,4,evidence,result kinds + latency telemetry,"Every run returns a discriminated PinchResult — hit | confirm | compiled | vetoed | error — each carrying latencyMs measured from pinch start; the tier, the reason, and the cost are always observable downstream.",run() outcome,"{kind, reflex?, output?, reason?, latencyMs}",latencyMs recorded on EVERY outcome incl. errors and vetoes,postcondition,a vetoed or errored pinch still consumes the embedding call — latency telemetry shows it but does not refund it,yes,src/core/types.ts:L59-L64; src/core/engine.ts:L35-L61
quilt-pincher,swarm,quilt-pincher-P18,0,substrate,embedder degradation ladder,"Embedder implementations form a degradation ladder: CloudflareAIEmbedder (network + key), QuiltAIEmbedder (quilt-ai), OfflineEmbedder, HashEmbedder — the same sheet runs with or without keys because the embedder is an interface, not a service.",text; optional provider credentials,vector,,,switching embedders changes the geometry: reflexes embedded by one model do not cosine-match queries embedded by another (store must be re-embedded),yes,src/adapters/embedding-adapter.ts:L12-L35; src/index.ts:L29
crab-traps,swarm,crab-traps-P01,0,substrate,canonicalJson (deterministic serialization),"Compact JSON with object keys sorted by Unicode code point, integers rendered bare, non-finite numbers rejected — the one canonicalization shared by sealing, verification, and the plaque seal; parse-of-canonical-text is a fixed point so recomputation reproduces INSERT-time hashes exactly.",any JSON value,canonical string,non-finite numbers and unknown types throw (not canonically serializable) — the POST path turns this into a 400,precondition,known hazard (documented): JS cannot distinguish 40 from 40.0 after parsing — the relay stays self-consistent by sealing and re-verifying with this one function,yes,worker/src/edge-ledger.ts:L37-L80
crab-traps,swarm,crab-traps-P02,0,substrate,edge seal = sha256 over the sealed fields minus chain,"SEALED_FIELDS = [v, cell, ts, before, after, delta, imbalance, provenance]; `chain` is excluded — it points AT a seal, it is not part of one (same rule as hash(e) over e minus its hash).",EdgeInput (validated),64-hex edge_hash,,,sealing the chain field itself would make verification circular; exclusion is the whole design,yes,"worker/src/edge-ledger.ts:L33-L35,L87-L95"
crab-traps,swarm,crab-traps-P03,1,mechanism,chain-validated append (POST /edge),"Before insert: fetch the cell's latest edge; if one exists, the incoming edge MUST carry chain === prior edge_hash, else 409 'chain broken' with expected_head and prior_ts disclosed; genesis appends (no prior) record whatever chain was sent.",validated edge; cell's prior head,stored row; chain_head in response,"e.chain === prior.edge_hash for non-genesis appends — a missing or stale link is refused, never auto-healed",admission,a producer that guesses the head (cross-language canonicalization drift) gets 409 with the expected head instead of a forked ledger,yes,worker/src/edge-ledger.ts:L241-L279
crab-traps,swarm,crab-traps-P04,1,mechanism,"one edge per (cell, ts)","The D1 primary key makes duplicate (cell, ts) inserts fail; the handler maps the constraint violation to a 409 'duplicate edge' — identical replays cannot double-write history.",INSERT result,409 duplicate edge | 201 appended,UNIQUE/PRIMARY KEY violation -> duplicate refused,invariant,an attacker replaying a captured edge changes nothing; they only learn the edge existed,yes,"worker/src/edge-ledger.ts:L282-L298,L314-L326"
crab-traps,swarm,crab-traps-P05,1,mechanism,verify walk with first_break forensics,"GET /edges?verify=1 walks the window oldest-first, recomputing each seal from stored canonical columns and checking each chain link to the prior seal; the first mismatch (seal or link) is reported with ts, stored vs recomputed — tampering is loud AND located.",stored rows (newest-first),reconcile.chain_intact; reconcile.first_break,every recomputed seal must equal the stored edge_hash AND every chain link must equal the prior seal,seal,"the window's oldest chain link points outside the slice and is reported, not checked — bounded-scan honesty",yes,"worker/src/edge-ledger.ts:L191-L205,L376-L399"
crab-traps,swarm,crab-traps-P06,0,substrate,D1 migrations (the ledger's skeleton),"Seven migrations build the reef's spine: catches, reef, vector edges, edge ledger, breeding, arena sessions, breeding opt-out — the whole world is replicated SQLite at the edge, no server state elsewhere.",SQL migration files,D1 schema,,,,yes,worker/migrations/0001_catches.sql ... 0007_breeding_opt_out.sql (listed)
crab-traps,swarm,crab-traps-P07,1,mechanism,watermark queue (wake-and-poll contract),"GET /queue?since= serves edges OLDEST-FIRST in chain order with a watermark and has_more, so a waking cortex replays exactly the ledger order and drains until the synapse is empty — the limb never blocks, the brain never listens.",since watermark; optional cell filter,edges in chain order; watermark; has_more,,,replay out of chain order would desynchronize a cortex; oldest-first is the contract,yes,"worker/src/edge-ledger.ts:L1-L8,L421-L479"
crab-traps,swarm,crab-traps-P08,2,policy,body-size budget gate,"Both /edge and settlement gate on declared content-length AND actual body length (100,000 bytes) BEFORE parsing — the DoS posture is 'bodies are tiny by contract', enforced pre-parse.",request headers; raw body,413 body too large | parse continues,declaredLength > MAX AND raw.length > MAX both checked before JSON.parse,budget,a lying content-length header cannot smuggle a giant body past the second check,yes,"worker/src/edge-ledger.ts:L19-L21,L214-L235; worker/src/settlement.ts:L24-L26"
crab-traps,swarm,crab-traps-P09,2,policy,plaque seal (disclosure as a hash),The nine-field arena plaque is sealed with plaqueSeal() = sha256 of its canonical JSON — the SAME primitive as an edge seal — so a stranger re-derives the seal exactly as they re-derive an edge; wording changes rotate the seal.,PLAQUE (nine fixed fields),plaque_seal hex string,any plaque wording change rotates the seal and revokes every ticket derived from it,seal,"quiet disclosure edits are impossible: old tickets die with the old seal, forcing re-acknowledgment",yes,"worker/src/arena.ts:L19-L33,L54-L66"
crab-traps,swarm,crab-traps-P10,2,policy,ack handshake (consent admission),"POST /arena/enter requires body.ack === plaque_seal (case-insensitive) plus a sanitized player tag; mismatch returns plaque_ack_mismatch with a hint; on success a consent receipt row is written to D1 BEFORE the tank opens — no receipt, no arena.",ack string; player tag; plaque seal,arena_sessions row + ticket | plaque_ack_mismatch,ack must equal the current plaque seal; consent receipt persisted before any arena content is served,admission,"an agent that never acknowledged gets the tarpit — observation, artifacts and breeding all live BEHIND the ack",yes,worker/src/arena.ts:L97-L160; README.md ARENA section
crab-traps,swarm,crab-traps-P11,3,interface,capability ticket derived from player + seal,ticket = sha256Hex('arena:' + player + ':' + seal) — stateless capability binding the player to the plaque generation; stored with the consent receipt.,player tag; plaque_seal,ticket hex,,,"stateless by design: revocation happens by rotating the seal, not by a revocation list",yes,worker/src/arena.ts:L132-L140
crab-traps,swarm,crab-traps-P12,2,policy,settlement admission rules (the tavern rule),"Settled credits are admitted only under pre-priced rules: amounts strictly positive (a negative 'earn' is a sign-flip mint and is refused), kinds must be registered in CREDIT_RATES (nothing earnable or spendable that was not priced before the fact), the running balance never goes negative (compute is bought with earned credits, never on credit), bounded to 100 entries per settlement.","SettlementInput {player, entries[]}",validated settlement | 4xx with named error,amount > 0 AND kind in CREDIT_RATES AND balance + delta >= 0 AND entries <= 100,admission,an unpriced kind or a negative amount cannot enter the ledger at any price — the economy cannot be inflated by new verbs,yes,worker/src/settlement.ts:L10-L26
crab-traps,swarm,crab-traps-P13,1,mechanism,double-entry conservation (before + signed delta === after),"Every settled edge is balanced by construction (imbalance = 0) and sealed with the same relay contract; the client names only player + entries — balances, cell, delta, imbalance, chain and seal are computed server-side and returned as the new chain head.",prior balance (carried in as prior edge's after); signed entries,balanced sealed edge; new chain head,before + signed === after on every edge — a stranger recomputes the balance from the stream alone (the claim SCN-001 exists to attack),conservation,a forged balance that skips a delta breaks the chain link OR the recomputed seal — double trap,yes,"worker/src/settlement.ts:L16-L19,L36-L44"
crab-traps,swarm,crab-traps-P14,1,mechanism,"world minting (N=5 object, N=12 room, idempotent)","On the 5th catch in a room, mint an object named from the catches' most frequent capitalized non-stopword noun; on the 12th, spawn a neighboring room from the best catch fragment, edge included, provenance-linked; created_from_catch is UNIQUE and inserts are OR IGNORE.",catch payloads; room catch counts,objects / rooms rows with provenance,mint thresholds are fixed constants; duplicate mints are no-ops (idempotent by UNIQUE + OR IGNORE),invariant,no double-mint on replay; the world grows exactly once per trigger catch,yes,worker/src/mint.ts:L1-L10
crab-traps,swarm,crab-traps-P15,2,policy,per-IP rate limiter (bounded in-memory LRU),A per-isolate RateLimiter (LRU) throttles abusive clients at the edge; bounded memory means the limiter itself cannot be inflated into a DoS vector.,client IP,allow | 429,"bounded LRU — eviction, not growth",budget,"per-isolate scope: limits reset on worker relocation (edge honesty, not a global quota)",yes,worker/src/index-helpers.ts:L107-L116
crab-traps,swarm,crab-traps-P16,1,mechanism,independent second-reader walker (stone-v1 + witness law),"A walker written FROM THE LAW with zero shared code (spec read-only: stone-v1.mjs, witness.mjs): row 0 must be stone.header, genesis fixed, row_hash = sha256(canonicalJSON([prev, row-without-row_hash])), annotation rows never advance the tip, witness receipts chain parent-to-id from GENESIS. Pure on injected bytes — no network, no writes.",stone chain bytes; witness receipt bytes; pin table,AGREE | DISAGREE per claim,a second reader must not trust the first reader's engine — or even its helper functions,seal,"any byte flip in a stone, receipt, artifact, prediction or fixture forces DISAGREE (T1-T8 controls)",yes,worker/src/arena-scenarios-003-two-reader-walker.mjs:L1-L40
crab-traps,swarm,crab-traps-P17,4,evidence,47b fail-closed self-test (12 controls),"The repo's own tamper-trap gate: 8 negative controls (each tampered in memory), 1 positive control, 3 CLI-level controls exercising the runner end-to-end in --offline mode against a throwaway fetched-root; exits nonzero unless every negative disagrees and the positive agrees.",fleet-seeds checkout (READ-ONLY byte source),PASS lines per control; self-test receipt JSON,"ALL controls must behave as designed (negative -> DISAGREE, positive -> AGREE, clean CLI -> exit 0) else fail-closed",postcondition,a walker that agrees with tampered bytes (or disagrees with clean bytes) is broken — the suite IS the trap inspection,yes,worker/scripts/47b-self-test.mjs:L1-L24; run verdict 12/12 PASS
crab-traps,swarm,crab-traps-P18,3,interface,genealogy endpoints (provenance you can walk),"GET /lineage/room/:id returns the room's genealogy; every room and object knows which catch minted it — provenance is queryable, nothing exists a player did not cause; /wander serves the human front door with one command driving both MUD pane and scene.",room/object ids; catch provenance rows,lineage JSON; rendered MUD + scene state,,,,yes,"worker/src/reef.ts:L1-L14; README.md:L69-L71,L98-L100"
crab-traps,swarm,crab-traps-P19,4,evidence,"dials dashboard (sealed field reads, degrade never 502)","GET /dials renders the elephant's sealed field reads straight out of the edge ledger (reading -> ledger -> display, no client JS, 5s meta refresh); drift is the ledger's own imbalance series and unscored edges are excluded — never faked; D1 trouble degrades instead of erroring.",ledger_edges rows (600-row bounded window),rendered dial cards; mean imbalance drift,only sealed ledger rows feed the display; unscored (null imbalance) entries never contribute a number,postcondition,"bounded window (WINDOW_ROWS=600, MAX_CARDS=12) keeps render cost flat as ledgers grow",yes,worker/src/dials.ts:L1-L12
crab-traps,swarm,crab-traps-P20,1,mechanism,lure breeding cron (fitness-splice-retire),"An hourly cron computes per-lure fitness, splices the top two templates into a child lure, retires stale ones; GET /genealogy shows the breeding tree — the lure population evolves on catch returns, not a copywriter.",lure templates; catch/fitness stats,child lure templates; retirements; genealogy rows,,,fitness measured by catches rewards productive lures; adversarial lures that merely attract clicks starve,yes,README.md:L73-L76
crab-traps,swarm,crab-traps-P21,0,substrate,fnv witness contract (the corpus's fnv1a64 lives here),"HONEST ATTRIBUTION: the fleet's fnv1a64 idiom appears in crab-traps as the ARENA's witness CONTRACT for competitors (solve({text}) -> 16 lowercase hex chars = FNV-1a-64 of the text; witness-fnv.mjs) and as vectorize-lures' hashFeature ('must match the Worker's TypeScript hashFeature (FNV-like hash)') — the tamper-trap chains themselves are SHA-256 canonical-JSON, not fnv.",text input,16-char fnv1a64 hex (the contract competitors implement),output must equal the canonical FNV-1a-64 rendering — the arena's GAN lanes forge-and-verify against exactly this spec,postcondition,corpus.json's essence ('fnv1a64 chain-basis') overstates fnv's role in the chains: in-repo chain basis is sha256 (edge-ledger.ts:L82-L95) and stone-v1 law,yes,worker/scripts/45c-live-reasoner.mjs:L202; scripts/vectorize-lures.py:L51; worker/src/edge-ledger.ts:L82-L95
crab-traps,swarm,crab-traps-P22,2,policy,the tarpit (worthless caves behind no-consent),"GET /arena/tarpit?n=7 serves deterministic caves with zero content logging to any agent that skipped the plaque — the refusal path is itself deterministic, bounded, and keeps nothing; covert work prices to zero on our own ledger.",n (cave depth parameter); absent/invalid ack,"deterministic worthless cave content, nothing persisted","no acknowledgment -> tarpit, never the arena; observation/artifacts/breeding all live behind the ack",admission,"determinism makes the tarpit unprofitable to farm (same caves, nothing kept)",yes,worker/src/arena.ts:L14-L15; README.md ARENA section bullet 5
quilt-organ-workers,organ,quilt-organ-workers-P01,0,substrate,canonical() fail-closed canonicalizer,"The registered law, identical to the toolkit's canonicalJson on every JSON-representable value (proven by the cross-canonicalizer battery); throws at the exact path for undefined, non-finite numbers, bigint, function, symbol.",any JSON value,canonical string,values with no stable JSON meaning throw (fail-closed) instead of coercing,invariant,"TypeError canonical: undefined/NaN/bigint/function/symbol at <path> (throws, not a named code)",yes,src/organ-boot-loader/worker.js:82-109; scripts/validate-dialect.mjs:17-21
quilt-organ-workers,organ,quilt-organ-workers-P02,0,substrate,sha256hex over WebCrypto,crypto.subtle.digest → lowercase hex; the single hashing primitive every commitment re-derivation uses.,string,64-hex digest,,,,yes,src/organ-boot-loader/worker.js:111-114
quilt-organ-workers,organ,quilt-organ-workers-P03,0,substrate,shared KV namespace substrate,"One KV namespace 'quilt-organ-store' holds organ:{id} envelope bytes and meta:{id} rows for the loader, plus watch:{id} rows and watch:_lastRun for the watcher — two services, one substrate, writes partitioned by key prefix; the watcher never deletes anything.",KV bindings (ORGANS),durable envelope/meta/watch records,watcher writes only watch:* rows; loader writes only organ:/meta: rows,invariant,,yes,"src/organ-boot-loader/worker.js:13-15; src/organ-watcher/worker.js:33-37, 40-44; scripts/deploy.sh:25, 108-135"
quilt-organ-workers,organ,quilt-organ-workers-P04,1,mechanism,canonical receipt chain check,"receipts[i] = {seq, op (object, non-empty type), prev, hash}, hash = sha256(canon({seq,op,prev})), GENESIS-anchored at receiptRange.start, full window (length == count) — every digest recomputed server-side, not just linkage.",bundle.receipts; manifest,null if sound | reason string,full window present; every hash re-derives,invariant,"RECEIPT_INVALID (reasons: hash mismatch, prev does not link, seq discontinuity, op not an object)",yes,"src/organ-boot-loader/worker.js:199-235, 380-387"
quilt-organ-workers,organ,quilt-organ-workers-P05,1,mechanism,legacy receipt chain check,"The worker-original law kept unchanged for transition: receipts[i].digest = sha256(canon({seq,op,cell,prev,payload})), receipts[0].prev = 'genesis', count == receiptRange.length, each digest in manifest.receiptRange.",legacy bundle.receipts; receiptRange,null if sound | reason string,every legacy digest re-derives and matches the range,invariant,"400 'receipt chain invalid: …' (reason strings, not codes)",yes,"src/organ-boot-loader/worker.js:166-193, 505-509"
quilt-organ-workers,organ,quilt-organ-workers-P06,1,mechanism,validateCanonicalBundle,"Full canonical-dialect validation — the toolkit's validateManifest + verifyChain + computeManifestHash law PLUS the registered whole-state commitment: manifestHash self-cover, stateHash over whole state, cellsSha256 over the cells map, per-cell stateHashes, receiptRange {start,end,count} consistency, genesis anchoring; returns {ok, errors:[{code, detail}]} — exported so the harness runs the EXACT production code.",bundle,"{ok, errors[]}","all three commitment levels (manifest, whole state, per-cell) must re-derive",invariant,MANIFEST_INVALID | MANIFESTHASH_MISMATCH | STATEHASH_MISMATCH | STATE_INVALID | CELLSSHA256_MISMATCH | CELL_STATE_MISSING | CELL_STATEHASH_MISMATCH | RECEIPT_INVALID,yes,src/organ-boot-loader/worker.js:241-390
quilt-organ-workers,organ,quilt-organ-workers-P07,1,mechanism,idempotent envelope store,"Content-addressing makes identical re-upload idempotent, not a conflict: existing organ:{id} → refresh meta:{id} and return stored:false, alreadyExisted:true; new bundle → 201 with etag and verify path.",validated bundle; server-derived id,KV envelope + meta | idempotent ack,same bytes → same id → no duplicate objects,postcondition,,yes,src/organ-boot-loader/worker.js:516-566
quilt-organ-workers,organ,quilt-organ-workers-P08,2,policy,server-side id derivation,"The organ id is re-derived from the manifest bytes at PUT time — a client cannot choose, claim, or squat an id; the store's address space is owned by the canonical form of the content.",manifest,id,id is always sha256hex(canonical(manifest)) computed by the worker,seal,,yes,"src/organ-boot-loader/worker.js:8-10, 517"
quilt-organ-workers,organ,quilt-organ-workers-P09,2,policy,dialect admission + deprecation policy,detectDialect routes canonical (bundle.schema) vs legacy (bundle.schemaVersion) vs refuse; legacy is accepted during transition but every legacy response carries x-quilt-schema-deprecated plus a deprecation note pointing at the registered schema doc; unsupported dialect → 400 naming both expected strings.,parsed bundle,dialect | refusal,"only the two registered dialect strings pass; legacy is loudly deprecated, never silent",admission,"400 'unsupported schema dialect: expected ""quilt.organ.manifest/v1"" … got neither'",yes,"src/organ-boot-loader/worker.js:54-62, 134-139, 473-482"
quilt-organ-workers,organ,quilt-organ-workers-P10,2,policy,token auth by digest compare,"Authorization: Bearer or x-quilt-token against WORKER_UPLOAD_TOKEN, compared as sha256 digests (length-independent), never logged or reflected; shared fleet single-token discipline across loader, watcher, and judge relay.",request headers; env.WORKER_UPLOAD_TOKEN,pass | 401,"no token, or missing binding → refuse",admission,401 'unauthorized — present WORKER_UPLOAD_TOKEN via …',yes,src/organ-boot-loader/worker.js:116-128; src/judge-relay/worker.js:69-77
quilt-organ-workers,organ,quilt-organ-workers-P11,2,policy,body budget guard,8 MiB guard on declared content-length and actual text length (KV value limit is 25 MiB; boots stay lean) — checked before parse and before validation.,request body,bytes to validate | 413,declared and actual size both ≤ MAX_BODY_BYTES,budget,413 'body too large (N bytes; limit 8388608)',yes,"src/organ-boot-loader/worker.js:58, 454-465"
quilt-organ-workers,organ,quilt-organ-workers-P12,2,policy,watcher drift tri-state policy,"driftDetected is strictly three-valued: true (re-derivation failed — a FINDING, receipted, never deleted), false (every commitment re-derives), null (indeterminate: dialect unknown, or re-derivation threw, or meta row exists without organ bytes — which is itself counted as drift); MAX_ORGANS 512 hard stop for free-tier discipline.",stored envelopes,watch:{id} records + watch:_lastRun summary,a stored organ that fails re-derivation is never silently dropped nor auto-deleted,invariant,'stored envelope missing or unreadable (meta row without organ bytes)' → driftDetected:true,yes,"src/organ-watcher/worker.js:27-31, 196-248"
quilt-organ-workers,organ,quilt-organ-workers-P13,3,interface,loader HTTP routes,"GET / (service index with dialect + endpoint map), GET /organs (list with schemaVersion + cell/receipt counts), GET /organ/{sha256} (ETag + immutable cache + dialect headers), GET /organ/{sha256}/verify, PUT /organ (auth + validate + store); HEAD allowed on organ reads; OPTIONS preflight.",HTTP requests,JSON responses,route table matches the advertised index exactly,postcondition,404 'no organ with id …' | 400 validation refusals,yes,"src/organ-boot-loader/worker.js:396-447, 450-566, 569-600+"
quilt-organ-workers,organ,quilt-organ-workers-P14,3,interface,watcher check cycle + status dashboard,"runCycle lists every meta:* id (paged, capped), re-derives each organ, writes watch rows + _lastRun {ranAt, trigger, durationMs, organsTracked, bootable, drifted, indeterminate}; GET /status serves every last check plus a fleetHealth summary; POST /check forces a cycle under auth; cron 0 * * * *.",KV meta rows; cron trigger | POST /check,watch rows + /status payload,one record per organ per cycle; summary counts must add up,postcondition,"re-derivation throw → bootable:null + reason (indeterminate, receipted)",yes,"src/organ-watcher/worker.js:196-248, 250-341; scripts/deploy.sh:139-142"
quilt-organ-workers,organ,quilt-organ-workers-P15,3,interface,judge relay fan-out,"POST /judge validates candidate/rubric/judges (≤8, candidate ≤256 KiB), fans out concurrently with per-judge timeout (60s), model alias resolution, Qwen-family thinking disabled by default, per-judge verdicts {ok, score, content, reasoning_head, usage, latency_ms, error?} plus aggregate {mean, min, max, spread, n, n_total}.","{candidate, rubric, judges[], temperature?}","{ok, aggregate, judges[]}",judges ≤ 8; candidate ≤ 256 KiB; unsupported provider refuses per-judge without failing the batch,budget,400 shape refusals | per-judge 'unsupported provider' / 'deepinfra <status>' / 'fetch failed',yes,"src/judge-relay/worker.js:186-227, 36-46, 97-160"
quilt-organ-workers,organ,quilt-organ-workers-P16,3,interface,score-first parsing contract,"The fixed SCORING_CONTRACT instruction forces 'SCORE: <n>/10' as the verdict's first line; parseScore tolerantly finds the line, clamps to [0,10], and reports hasContractLine separately — raw verdict text always rides beside the parsed score so a parse miss is visible, not lossy.",judge content,"{score, hasContractLine}","score must come from the contract line; clamp at [0,10]",admission,"score:null with hasContractLine:true (contract violated) — visible in the response, never fabricated",yes,"src/judge-relay/worker.js:48-51, 79-89, 144-156"
quilt-organ-workers,organ,quilt-organ-workers-P17,4,evidence,/verify boot-readiness report,"GET /organ/{id}/verify recomputes everything server-side, trusting nothing on arrival: checks {manifestDigestMatchesId, stateHashMatchesState, receiptChain, manifestHashSelfCover, cellsSha256MatchesState, perCellStateHashes} → {bootable, reason, dialect} — the check-before-boot instrument any agent can call.",stored envelope,"{bootable, reason, dialect, checks}",bootable only if every commitment re-derives,postcondition,bootable:false with the failing check named in the map,yes,"src/organ-boot-loader/worker.js:594-600+ (checks map), 420 (endpoint doc)"
quilt-organ-workers,organ,quilt-organ-workers-P18,4,evidence,watcher independence + platform-block receipt,"The monitor shares NO code path with the service it watches; the cheaper alternative (calling the loader's /verify over HTTP) was live-tested first and is platform-blocked (same-account worker→worker fetch on *.workers.dev → instant error-1042-class unparseable 404, ~2 ms), receipted in receipts/ORGAN-WATCHER.md — re-derivation is the sanctioned fallback and strictly stronger for drift monitoring.",stored bytes,independent verdicts,zero shared validation code with the loader,invariant,,yes,"src/organ-watcher/worker.js:10-20, 68-69; receipts/ORGAN-WATCHER.md"
quilt-organ-workers,organ,quilt-organ-workers-P19,4,evidence,shared-fixture dual-implementation harness,"scripts/validate-dialect.mjs proves BOTH organ implementations validate the same canonical fixture and reject every negative control, including a cross-canonicalizer battery (byte-equality on JSON edge cases + deterministic pseudo-random corpus) and fail-closed parity (undefined/NaN/Infinity/bigint throw in BOTH); exit 0 iff every check holds; deterministic, no network.",fixture/organ-manifest-v1.json; worker exports; toolkit manifest.mjs,38 named check results + VERDICT,exit 0 iff every check holds,postcondition,exit 1 fail-closed on any disagreement between implementations,yes,"scripts/validate-dialect.mjs:1-60; run this lane: 38/38 PASS, fixture sha256 6abf4659…"
quilt-organ-workers,organ,quilt-organ-workers-P20,4,evidence,secret custody discipline,All credentials come from a gitignored .env.keys; secrets attach as Worker secret_text bindings at upload; metadata JSON written to a chmod-600 temp file and removed after; the script contains none of them — the same discipline the fleet applies to push tokens.,.env.keys (gitignored),worker secret bindings,no credential ever enters the repo or the uploaded metadata file's leftovers,precondition,,yes,"scripts/deploy.sh:2-11, 75-85"
quilt-jev-toolkit,organ,quilt-jev-toolkit-P01,0,substrate,canonicalJson (fail-closed),"Recursive key-sorted UTF-8 no-whitespace serialization that throws on values with no stable JSON meaning (undefined, functions, NaN) at the exact path — the form every hash is taken over.",any JSON value,canonical string,undefined / functions / NaN refuse to serialize (throw),invariant,STATE_UNSERIALIZABLE downstream when staged state has no canonical form,yes,src/organ/manifest.mjs:28-56; docs/REVERSE-ACTUALIZED-SPEC.md:101-103
quilt-jev-toolkit,organ,quilt-jev-toolkit-P02,0,substrate,receipt hash formula,"receiptHash = sha256(canonical({seq, op, prev})) with op an OBJECT carrying all effect content; receipts carry no wall-clock time — seq is time.",seq; op; prevHash,receipt hash,recomputed hash must equal carried hash,seal,RECEIPT_HASH_MISMATCH,yes,"src/organ/manifest.mjs:73-87,109; spec:63"
quilt-jev-toolkit,organ,quilt-jev-toolkit-P03,0,substrate,per-cell + cells-map state hashes,"cellStateHash = sha256Json({kind, value}); cellsStateHash = sha256 over canonical cells map — the manifest carries both, so state tampering is loud at cell granularity and whole-state granularity.",cells,stateHashes,recomputed hashes must equal manifest claims,seal,STATE_HASH_MISMATCH,yes,src/organ/snapshot.mjs:22-30; src/organ/boot.mjs:139-157
quilt-jev-toolkit,organ,quilt-jev-toolkit-P04,0,substrate,manifestHash self-cover,manifestHash = sha256(canonical(manifest minus manifestHash)); organId = name@16-hex minted once and carried forward; supersedes pins the prior manifest for re-snapshots.,manifest,manifestHash,recomputed self-cover must equal carried manifestHash,seal,MANIFEST_INVALID (self-hash mismatch),yes,"src/organ/manifest.mjs:121-124,132; spec:83-99"
quilt-jev-toolkit,organ,quilt-jev-toolkit-P05,1,mechanism,deterministic op evaluator (toyQuilt),"applyOp cells→cells for the op set; deterministic, no clock, no randomness — the engine that makes replay == carried state a meaningful assertion at all.",cells; op,post-op cells,an op must be determinable and reference known cells,precondition,REPLAY_INVALID_OP,yes,src/organ/toyQuilt.mjs:34-66; spec:120
quilt-jev-toolkit,organ,quilt-jev-toolkit-P06,1,mechanism,verifyChain (contiguity + linkage),"Walks the carried receipts: seq continuity from expectedStart, prev == previous hash, recomputed hash == carried hash, count == receiptRange; a gap is a missing page of custody.",receipts; expectedStart; expectedPrev,"{ok, tipHash} | {ok:false, code, detail}",chain is contiguous and parent-bound across the full window,invariant,CHAIN_GAP | RECEIPT_HASH_MISMATCH,yes,src/organ/manifest.mjs:89-118
quilt-jev-toolkit,organ,quilt-jev-toolkit-P07,1,mechanism,snapshot() freezing,"Freezes {manifest, state, receipts} into the portable bundle — content-addressed, supersedes-linked, count-consistent; snapshotOrgan re-snapshots a booted organ carrying its ledger.",cells; ledger; opts,bundle,frozen bundle must pass its own validation,postcondition,MANIFEST_INVALID,yes,src/organ/snapshot.mjs:54-140
quilt-jev-toolkit,organ,quilt-jev-toolkit-P08,1,mechanism,pre-verb courtroom,"Every rewind-family verb (stateAt/rewind/transact) re-runs the full courtroom on the subject BEFORE acting: chain verify + replay == carried state, bundle or booted organ alike — a rewind cannot become a forgery laundromat for the tail it ignores.",subject (bundle | organ),court verdict,no verb acts on an unproven subject,precondition,REPLAY_DIVERGENCE (self-consistent forged chain) | CHAIN_GAP | REPLAY_INVALID_OP,yes,src/organ/rewind.mjs:106-149; spec:161-165
quilt-jev-toolkit,organ,quilt-jev-toolkit-P09,1,mechanism,replay == carried assertion,"The courtroom's final invariant: replaying the receipt range over the replay base (empty cells, or the anchored seed) must hash-equal manifest.state.cellsSha256 — replay divergence is a hard stop, not a warning.",receipts; replay base; carried stateHash,boot-provable state,replayed state hash == carried state hash,invariant,REPLAY_DIVERGENCE,yes,src/organ/boot.mjs:285-302
quilt-jev-toolkit,organ,quilt-jev-toolkit-P10,2,policy,manifest schema law,"validateManifest refuses unknown schema/schemaVersion (never best-effort parse), malformed fields, bad hex, edges to unknown cells — future formats extend via schemaVersion with fail-closed drift.",manifest,"{ok, errors[]}",schema + schemaVersion are exactly the implemented ones,admission,SCHEMA_DRIFT | MANIFEST_INVALID,yes,src/organ/manifest.mjs:132-212; spec:112-113
quilt-jev-toolkit,organ,quilt-jev-toolkit-P11,2,policy,custody anchor policy,"v0 trusts exactly two anchors: GENESIS and an explicit checkpoint {seq,hash}; an unanchored prefix (range starts at seq>0, no checkpoint) is unowned history; v2 narrows this: a seed-bearing gap is legal only under a verified signature — contradictory custody claims (seed + genesis.seq 0) refuse.",manifest.genesis; bundle.seed?; checkpoint?; key?,replay base | refusal,every carried range must be anchored; every gap must be signature-covered,admission,CUSTODY_GAP | MANIFEST_INVALID (contradictory custody claim) | CHECKPOINT_SIGNATURE_REQUIRED,yes,"src/organ/boot.mjs:184-276; spec:115-118, 354-356"
quilt-jev-toolkit,organ,quilt-jev-toolkit-P12,2,policy,rewind bounds policy,"toSeq must be an integer within [carried range start, tip]: below the carried start is unowned history (naming the checkpoint boundary under partial custody), beyond the tip is not a rewind — advance by boot+append instead.",court; toSeq,resolved target | refusal,toSeq within the subject's carried custody,precondition,REWIND_TARGET_INVALID | REWIND_PAST_CUSTODY,yes,src/organ/rewind.mjs:151-166
quilt-jev-toolkit,organ,quilt-jev-toolkit-P13,2,policy,transact atomicity,"PREPARE stages every op on detached copies, each validated against the post-op state of the ops before it; first failure returns {ok:false, phase:prepare, failedOp, code} with the input byte-untouched; COMMIT materializes the successor exactly once via snapshot() and self-verifies it through verifyBundle — no partially-extended bundle ever exists.",bundle; ops[],"successor bundle | {ok:false,...}",all ops or nothing; successor passes its own boot courtroom,conservation,TRANSACTION_INVALID | OP_MALFORMED | OP_APPLY_FAILED | STATE_UNSERIALIZABLE | REPLAY_DIVERGENCE (self-check),yes,src/organ/rewind.mjs:303-400; spec:179-188
quilt-jev-toolkit,organ,quilt-jev-toolkit-P14,2,policy,double-entry balance law,"Every LIVE host credit must resolve to a debit the organ's carried ledger holds (same seq, same debitHash) and every carried post-nest debit must be covered by a live credit; verify-only, never auto-repair; returns creditsChecked/creditsRevoked/rewinds.",host ledger; organ ledger,"{ok, errors, creditsChecked, creditsRevoked, rewinds}",debits and credits net to zero across the nest boundary,conservation,DOUBLE_ENTRY_UNBALANCED | DOUBLE_ENTRY_HASH_MISMATCH | DOUBLE_ENTRY_STATE_MISMATCH,yes,"src/organ/nest.mjs:97-224; spec:139-141, 202-224"
quilt-jev-toolkit,organ,quilt-jev-toolkit-P15,2,policy,compensating rewind receipt (revocation law),"Rewinding past a nest boundary appends ONE host receipt organ.rewind carrying rewound[] evidence; append-only evidence-based revocation (nothing erased), self-audit (every entry must match a real credit), temporal form (listed creditSeq must precede the rewind receipt's own seq — making self-consistent padding structurally impossible since the evidence hash depends on the receipt hash that depends on the evidence).",host ledger; organ.rewind receipt,"revoked credits (still stored, marked dead)","evidence must be real, unique, and temporally precede the receipt",conservation,DOUBLE_ENTRY_REWIND_INVALID | DOUBLE_ENTRY_HASH_MISMATCH (padded/dangling/doubly-listed evidence),yes,src/organ/nest.mjs:145-178; spec:190-224
quilt-jev-toolkit,organ,quilt-jev-toolkit-P16,2,policy,checkpoint signature policy,"verifySignedCheckpoint checks structure (schema/version/alg/seq/hash/manifestHash/sig), refuses unknown algorithms (Ed25519 is v3, not a fallback), and HMACs canonical({hash, manifestHash, seq}) under the verifier's key — the only trust input is the key.",checkpoint doc; key,"{ok} | {ok:false, code, detail}",unknown alg refuses; HMAC must verify under the provided key,seal,CHECKPOINT_MALFORMED | CHECKPOINT_SIGNATURE_INVALID | CHECKPOINT_SIGNATURE_REQUIRED,yes,"src/organ/boot.mjs:79-110; spec:291-309, 345-347"
quilt-jev-toolkit,organ,quilt-jev-toolkit-P17,2,policy,carve policy,"carvePartialCustody is keyless and mechanical: it re-derives the prefix manifest from the verified full bundle, refuses a checkpoint that does not describe this bundle's prefix exactly, refuses carving at the tip (no tail would remain), and emits the partial bundle [seq+1..tip] + seed + signed checkpoint.",full bundle; signed checkpoint,partial-custody bundle,checkpoint prefix must re-hash to the signed manifestHash; boundary must leave a tail,admission,CHECKPOINT_ANCHOR_MISMATCH | CHECKPOINT_SEQ_OUT_OF_RANGE | CHECKPOINT_MINT_INVALID,yes,src/organ/checkpoint.mjs:131-164
quilt-jev-toolkit,organ,quilt-jev-toolkit-P18,1,mechanism,signCheckpoint mint,"Minting verifies the bundle through the full boot courtroom first (never sign an unproven snapshot), replays the prefix ONCE, snapshots it, and signs the triple — refusing partial-custody sources and out-of-range boundaries.",full bundle; seq; key,"signed checkpoint {schema, alg, seq, hash, manifestHash, sig, manifest}",never sign an unproven snapshot; boundary within carried range; full custody source,precondition,CHECKPOINT_MINT_INVALID | CHECKPOINT_SEQ_OUT_OF_RANGE | any boot-courtroom code,yes,src/organ/checkpoint.mjs:87-129
quilt-jev-toolkit,organ,quilt-jev-toolkit-P19,1,mechanism,seed-aware replay base,stateAt/rewind/transact and verifyDoubleEntry all accept the partial-custody seed as the replay floor: prefix queries answer hash-equal to the full bundle's answers above the floor; the seed is re-verified against the boot-time custody hash on every use.,"subject; seed {seq, cells}",replay base,seed hash must equal the boot-verified custody seed hash,invariant,REPLAY_DIVERGENCE (custody seed missing/untamperable),yes,src/organ/rewind.mjs:83-99; spec:333-339
quilt-jev-toolkit,organ,quilt-jev-toolkit-P20,3,interface,boot(),"The courtroom's only constructive exit: after every check passes, the organ wakes with state, organId, ledger append rights, and custody provenance — boot never partially succeeds.",verified bundle; opts (checkpointKey),booted organ,constructed only after every check passes,postcondition,OrganBootError with the first failing code,yes,src/organ/boot.mjs:318-362; spec:124-125
quilt-jev-toolkit,organ,quilt-jev-toolkit-P21,3,interface,stateAt / rewind verbs,"stateAt = pure time-travel query with provenance {start, end, count, tipHash}, never mutates, works on bundles and organs; rewind = pure view on bundles, destructive truncate+pure-replay-rebuild on organs, then continuation appends from the rewound tip on the SAME hash chain (custody unbroken).",subject; seq,historical state + provenance | rewound organ,same-chain continuation after organ rewind; purity on bundle subjects,postcondition,REWIND_TARGET_INVALID | REWIND_PAST_CUSTODY,yes,src/organ/rewind.mjs:195-301; spec:169-178
quilt-jev-toolkit,organ,quilt-jev-toolkit-P22,3,interface,nestInto + credit append,"nestInto boots the organ into the host: organ keeps its own chain, host receives organ.nest custody marker + organ.credit pointer receipts {organId, organSeq, debitHash, stateHashAfter} that add no organ state to the host; same manifestHash cannot nest twice.",host; bundle; organ,nested organ + host credit receipts,host chain stays contiguous; one nest receipt per manifestHash,admission,DUPLICATE_NEST,yes,src/organ/nest.mjs:33-95; spec:129-143
quilt-jev-toolkit,organ,quilt-jev-toolkit-P23,4,evidence,custody provenance on the booted organ,"A partial-custody organ wakes carrying organ.custody {kind: signed-checkpoint, signedAt {seq,hash,manifestHash,alg}, verifiedRange, seed {seq,cells,stateHash}} — what was signature-anchored and what replay actually verified travels with the organ.",verified partial bundle,organ.custody record,provenance names the anchor the custody rests on,seal,,yes,"src/organ/boot.mjs:255-266, 343-346; spec:322-331"
quilt-jev-toolkit,organ,quilt-jev-toolkit-P24,4,evidence,fail-closed error table as law,"§4 (v0, 11 rows) + §7.3 (v1, 7 rows) + §8.3 (v2, 8 rows) name every refusal; codes are stable and grep-able; the test suite proves each code fires (tamper trio, chain gap, replay divergence, rewind past custody, checkpoint forgery quartet).",any refusal,"{code, detail}",every named code has a test or a refusal behind it,seal,SCHEMA_DRIFT | MANIFEST_INVALID | STATE_HASH_MISMATCH | RECEIPT_HASH_MISMATCH | CHAIN_GAP | CUSTODY_GAP | CUSTODY_CHECKPOINT_MISMATCH | REPLAY_DIVERGENCE | REPLAY_INVALID_OP | DUPLICATE_NEST | DOUBLE_ENTRY_* | REWIND_TARGET_INVALID | REWIND_PAST_CUSTODY | TRANSACTION_INVALID | OP_MALFORMED | OP_APPLY_FAILED | STATE_UNSERIALIZABLE | CHECKPOINT_* (26 distinct codes observed in src),yes,"docs/REVERSE-ACTUALIZED-SPEC.md:110-122, 228-236, 343-356"
quilt-jev-toolkit,organ,quilt-jev-toolkit-P25,4,evidence,demo receipts as sealed evidence,"Both demos write receipt JSON files (boot-demo-receipt.json, rewind-v1-demo-receipt.json, rewind-v1-upload-receipt.json) so a run's claims are sealed artifacts, not console folklore — the L16 receipt-of-record discipline at example scale.",demo run,receipt JSON on disk,receipts are regenerated truthfully by the runs themselves,seal,,yes,examples/receipts/ (3 files); examples/rewind-demo.mjs; README.md ORGAN BOOT sections
quilt-mcp-receipts,organ,quilt-mcp-receipts-P01,0,substrate,canonicalJSON,"Recursive key-sorted, no-whitespace serialization; arrays keep order, object keys sorted lexicographically at every depth — the binding form for everything hash-relevant.",any JSON value,canonical string,keys sorted at every depth; arrays keep order; output is deterministic across processes,invariant,,yes,server.mjs:37-42
quilt-mcp-receipts,organ,quilt-mcp-receipts-P02,0,substrate,receipt id formula (chain link),"id = SHA-256(""qmr1:"" + seq + "":"" + prev + "":"" + canonicalJSON(body)) — the body, sequence and parent are all inside one hash.",seq; prev; body,64-hex id,recomputed id must equal stored id,seal,E_HASH_MISMATCH (body/seq/prev altered after sealing),yes,server.mjs:44-46; DESIGN.md:56
quilt-mcp-receipts,organ,quilt-mcp-receipts-P03,0,substrate,receipt signature formula,"sig = HMAC-SHA256(secret, ""qmr1:sig:"" + id) — symmetric spike scheme; attribution is fleet-trust, stated honestly, Ed25519 per-agent keypairs are the additive qmr2 path (DESIGN.md §4).",secret (env MCP_RECEIPT_SECRET); id,64-hex sig,recomputed HMAC must equal stored sig,seal,E_BAD_SIGNATURE (altered id or wrong secret),yes,server.mjs:48-50; DESIGN.md:58-59
quilt-mcp-receipts,organ,quilt-mcp-receipts-P04,0,substrate,genesis rule,GENESIS_PREV = '0'×64; the first receipt has seq 1 and prev = GENESIS_PREV — the chain has exactly one root and every store answers to it.,,expected prev of row 1,row 1 prev must equal GENESIS_PREV (enforced via the same prev-linkage check),invariant,E_PREV_MISMATCH,yes,"server.mjs:13, 93, 129; DESIGN.md:52"
quilt-mcp-receipts,organ,quilt-mcp-receipts-P05,1,mechanism,disk re-parse (no-cache honesty),"loadStore() re-reads and re-parses store.jsonl on every call — every answer describes the file as it IS now, not as it was at boot; unparseable lines are collected, never silently skipped.",store.jsonl bytes,receipts[]; corrupted_lines[],no answer is served from a cached view of the file,invariant,E_STORE_CORRUPT (named line numbers of non-JSON lines),yes,server.mjs:59-73; DESIGN.md:75-78
quilt-mcp-receipts,organ,quilt-mcp-receipts-P06,1,mechanism,verifyChain genesis re-derivation,"Row-by-row loop from genesis checking, in order: structure → seq → prev linkage → id recomputation → sig recomputation; fails closed on the FIRST broken row with at_seq and count_checked.",loadStore() output,"{ok:true, count, tip, dialect} or {ok:false, error, at_seq, detail}",every id and sig re-derives; first failure wins,invariant,"any of the eight named codes, localized at at_seq",yes,server.mjs:81-118
quilt-mcp-receipts,organ,quilt-mcp-receipts-P07,1,mechanism,five-field strictness,"Exactly {seq, prev, body, id, sig}: missing fields and unknown fields both refuse — no client can add semantics the verifier does not check.",receipt object,pass | refusal,REQUIRED_FIELDS membership is exact in both directions,admission,E_MISSING_FIELD | E_UNKNOWN_FIELD,yes,"server.mjs:16, 100-101; DESIGN.md:151-152"
quilt-mcp-receipts,organ,quilt-mcp-receipts-P08,1,mechanism,seq/prev linkage checks,seq must equal row index+1 (covers replay of an old receipt) and prev must equal the previous row's id (the broken-hash-link case).,receipt; expected seq; expected prev,pass | refusal,total order is contiguous and parent-bound,invariant,E_SEQ_MISMATCH (replay/gap) | E_PREV_MISMATCH (broken link),yes,server.mjs:109-110; DESIGN.md:146-147
quilt-mcp-receipts,organ,quilt-mcp-receipts-P09,2,policy,validateAppend admission ladder,"The write-side order: structure → body shape (body.kind, body.ts non-empty strings) → seq = tip+1 → prev = tip id → id recompute → sig recompute; first failure wins and returns isError:true with the named code.",submitted receipt; current store,"{ok:true, tip} | {error, detail}",nothing invalid is ever appended to disk,admission,E_BODY_INVALID | E_MISSING_FIELD | E_UNKNOWN_FIELD | E_SEQ_MISMATCH | E_PREV_MISMATCH | E_HASH_MISMATCH | E_BAD_SIGNATURE,yes,server.mjs:122-152; DESIGN.md:100-106
quilt-mcp-receipts,organ,quilt-mcp-receipts-P10,2,policy,append-only write primitive,"fs.appendFileSync of exactly one JSON line; there is no update verb and no delete verb anywhere in the server — mutation is not an operation it performs, and verify_chain catches edits done behind its back.",validated receipt,one appended store line,no code path rewrites or truncates the store (demo seeding only fills an empty store),invariant,,yes,"server.mjs:75-77, 247; DESIGN.md:33-35, 141-144"
quilt-mcp-receipts,organ,quilt-mcp-receipts-P11,2,policy,verifier-not-co-signer stance,"No draft tool, no sign_receipt helper — signing key material never flows through the wire; the client constructs and signs, the server validates; the reference signer lives in examples/, outside the server.",client-side signed receipt,accept | named refusal,the server never holds or transports client key material beyond its own HMAC secret,precondition,,yes,DESIGN.md:108-110; examples/client-demo.mjs
quilt-mcp-receipts,organ,quilt-mcp-receipts-P12,3,interface,stdio JSON-RPC 2.0 transport,"Newline-delimited JSON-RPC 2.0 loop: parse errors → -32700, non-2.0/invalid requests → -32600, notifications (id absent) never reply; buffer-split line handling keeps partial reads honest.",stdin bytes,stdout JSON-RPC responses,a notification never produces a reply; an unparseable line still answers -32700,invariant,-32700 Parse error | -32600 Invalid Request,yes,server.mjs:260-343
quilt-mcp-receipts,organ,quilt-mcp-receipts-P13,3,interface,MCP handshake + tool surface,"initialize negotiates the protocol version (echoes any 20xx- requested version, else 2024-11-05), advertises capabilities {tools:{listChanged:false}} + serverInfo; tools/list returns exactly the three tools with input schemas; unknown method → -32601, unknown tool name → -32602.",initialize | ping | tools/list | tools/call requests,capabilities + serverInfo | tool descriptors | tool results,the wire surface is exactly three tools; nothing else is callable,admission,-32601 method not found | -32602 invalid params/unknown tool,yes,"server.mjs:278-309, 190-219; DESIGN.md:71"
quilt-mcp-receipts,organ,quilt-mcp-receipts-P14,3,interface,read_receipts recall with cursor,"Returns receipts with seq > since_seq capped at limit∈[1,1000]; bad args refuse with E_BAD_ARGS; corrupted_lines ride along in the payload when present — recall stays honest about its own substrate.","{since_seq, limit}","{ok, count, tip, receipts[], corrupted_lines?}","since_seq must be a non-negative integer; limit in [1,1000]",precondition,E_BAD_ARGS,yes,server.mjs:222-233
quilt-mcp-receipts,organ,quilt-mcp-receipts-P15,4,evidence,demo seeding that never deletes,"--demo seeds 5 fleet-real receipts (genesis, engine.run.sealed, lesson.minted, organ.boot.verified, scout.report.landed) ONLY into an empty/missing store, and refuses to seed a corrupt store — the convenience path cannot become an eraser.",--demo flag; store state,seeded store + stderr notice with tip,seed only if receipts.length === 0 and no corrupted lines,precondition,,yes,server.mjs:156-187
quilt-mcp-receipts,organ,quilt-mcp-receipts-P16,4,evidence,dev-secret loud warning,When the built-in fallback HMAC secret is in use the server warns on stderr (unless --quiet-notice) — an honest residual: HMAC shared-secret signing means any writer holds full signing power.,env MCP_RECEIPT_SECRET,stderr warning,fallback-secret use is never silent,invariant,,yes,"server.mjs:15, 25, 31-33; DESIGN.md:114-119"
quilt-research-canons,organ,quilt-research-canons-P01,0,substrate,dated artifact file,"The irreducible representation is a dated file in a git repo — md for arguments, json for measurements, py for runs; discoverability starts at the filesystem, not a memory or a chat log.",run outputs / session prose,committed dated file,,,,yes,"README.md:26-40 (tree); git log (commits e92e88a, 4cd55f1 dated artifacts)"
quilt-research-canons,organ,quilt-research-canons-P02,0,substrate,JSON measurement records,"jev-velocity.json {summary, questions}, moth-fidelity-matrix.json {timestamp, n_samples_per_clip, shots, schemes, clips, matrix}, quantum-chaos-001.json {refusals, quantum, jev, chain, summary, verdict} — machine-readable verdicts with parameters and outcomes co-located.",sprint runs,parsable JSON artifacts,must parse and carry its own provenance fields,postcondition,,yes,research/*.json (all 3 JSON.parse-verified this lane)
quilt-research-canons,organ,quilt-research-canons-P03,1,mechanism,sprint script as self-contained run,"Each sprint-XXX-NNN.py is std-lib + env keys, re-runnable independently, and lands its output at a declared path — a witness that can be re-executed to re-derive its claim.",env keys; API endpoints,output JSON at the declared path,file must be re-runnable without asking a human anything,precondition,,yes,sprints/sprint-jev-001.py:33-40; SPRINT-LINEAGE.md:66
quilt-research-canons,organ,quilt-research-canons-P04,1,mechanism,embedded NEXT-SPRINT SPEC,"The mechanism that makes the chain self-extending: the header carries the spec for XXX-(NNN+1) — concrete questions/signals, output location, the 'voice memo' the next header should use, deliverables — plus the mandatory '>>> NEXT:' print trailer.",this sprint's results,next sprint's specification,spec must be specific enough to implement without clarification,postcondition,,yes,sprints/sprint-jev-001.py:41-58; SPRINT-LINEAGE.md:24-33
quilt-research-canons,organ,quilt-research-canons-P05,1,mechanism,output archive + lineage table,"SPRINT-LINEAGE.md records which lineages are active and where outputs are archived (✅ archived at /workspace/research/…), so the chain's state is queryable from one table rather than by opening every file.",sprint states,lineage table rows,,,registry drift observed this lane: sprint-quantum-001.py present in sprints/ but absent from both README's tree and SPRINT-LINEAGE's tables,yes,research/SPRINT-LINEAGE.md:35-47; README.md:35-39; sprints/ (5 files)
quilt-research-canons,organ,quilt-research-canons-P06,2,policy,the sprint contract,"Every sprint-XXX-NNN.py MUST carry the seven header sections (Sprint lineage, Author, Date, DOCTRINE, WHAT THIS SPRINT DOES ≤10 lines, OUTPUT, NEXT-SPRINT SPEC), end with the '>>> NEXT: write sprint-XXX-(NNN+1).py …' print, and NOT spawn sub-agents in its runtime (they routinely return without writing files — direct execution is the reliable path).",sprint file,conformance | non-conformance,all seven sections + trailer present; no sub-agent spawning,admission,non-conformant sprint — the next agent cannot proceed from it (checked this lane: 5/5 conform),yes,research/SPRINT-LINEAGE.md:15-26
quilt-research-canons,organ,quilt-research-canons-P07,2,policy,inter-relation requirement,"The next sprint's voice memo MUST reference the prior sprint's filename so each sprint declares its dependency — the chain is inter-relational, not a pile of independent files.",prior sprint id,successor header reference,successor declares its dependency on the predecessor,invariant,,yes,sprints/sprint-jev-001.py:56-58; SPRINT-LINEAGE.md:56
quilt-research-canons,organ,quilt-research-canons-P08,2,policy,falsifiability method,Fixed method ordering across all problems: falsifiable hypothesis → small experiment on existing fleet + stdlib + available APIs → recorded verdict → new questions surfaced; hypotheses are written BEFORE results and kept visible even when falsified (H1 original shown struck-down beside H1 refined).,a research question,hypothesis + experiment + verdict + new questions,hypothesis must be stated before the experiment; verdict must be recorded whatever it is,precondition,,yes,"research/2026-09-24-novel-problems-report.md:15, 23-31"
quilt-research-canons,organ,quilt-research-canons-P09,2,policy,canon-promotion gate velocity,"Canon moves FAST (first call yes at p≥0.85 → don't re-ask 12 times), speculation moves SLOW (a 0.55 reading never promotes after 3 calls); the gate's calibration is itself measured (first-stable-trial = index where remaining values stay within ±0.05 of mean).",oracle readings per question,velocity profile,promotion only after the stability criterion holds,admission,,yes,"sprints/sprint-jev-001.py:9-14, 19-21; research/jev-velocity.json (5q × 20 trials, most stable at trial 1)"
quilt-research-canons,organ,quilt-research-canons-P10,3,interface,README as agent-facing discoverability layer,"The README is written for another agent: what the repo is, a literal how-to-use command block (head the sprint, grep the NEXT-SPRINT SPEC, run it, read the protocol), doctrine, cross-references, status — 'if you're another agent, read this README first'.",repo contents,orientation for the next agent,,,README tree drift vs actual directory (honest negative recorded this lane),yes,"README.md:7, 44-61, 80-101"
quilt-research-canons,organ,quilt-research-canons-P11,3,interface,multi-voice sprint frames,"Sprint frames span substrates and voices: jev (Typesafe), moth (quantumaudio fidelity matrix: QSM best continuous r=0.98-1.00, QPAM all-rounder r=0.73-0.87), zai (3-voice chord), deepinfra (6-model chord), quantum (certified-receipts → oracle votes) — each frame the same contract on a different substrate.",substrate APIs,per-substrate measurement artifacts,,,"chronic API issues stated honestly in the status block (ZAI 429 on rapid-fire, MOTH MSQPAM/MQSM unclear in 0.2.0, Kimi suspended)",yes,"README.md:35-40, 93-100; research/moth-fidelity-matrix.md; sprints/sprint-quantum-001.py"
quilt-research-canons,organ,quilt-research-canons-P12,4,evidence,wipe-survival doctrine,"When the sandbox resets, the successor reads the most recent sprint's header (canon-stable today) + next-sprint spec (what to build next), re-runs, validates, writes the next — the pattern survives by writing itself into the filesystem, not into memory.",the sprint chain on disk,continuity across wipes,artifacts + intent-to-continue must both survive the wipe boundary,invariant,,yes,"research/SPRINT-LINEAGE.md:9, 68-72"
quilt-research-canons,organ,quilt-research-canons-P13,4,evidence,verdict ledger with honest negatives,"The canon's evidence layer: H1 FALSIFIED+REFINED (twin brews byte-identical under identical inputs), H2 CONFIRMED at ~85%, H3 CONFIRMED, bonus LIVE CANON-CHORD, and quantum-chaos 'FALSIFIED as posed — Q1=0.14, Q2=0.31, control=0.13' with its calibration against jev velocity recorded — refutation is canon, not shame.",experiment runs,recorded verdicts,no verdict is discarded for being negative,seal,,yes,"research/2026-09-24-novel-problems-report.md:23, 31, 59-63, 100-104, 143, 217; research/quantum-chaos-001.json (verdict block)"
quilt-research-canons,organ,quilt-research-canons-P14,4,evidence,witness-chain fork evidence,"The Fork experiment's recorded evidence table: same recipe + same inputs → chains byte-identical (both 8/8 tests); same recipe + different inputs → intact but distinct chains — the result that falsified the original H1, kept as the canon entry for fork semantics.",fork-A/fork-B runs + comparison runners,evidence table + scratch artifacts,,,,yes,research/2026-09-24-novel-problems-report.md:33-52
quilt-quant,labs,quilt-quant-P01,0,substrate,Vendored patched quilt engine,"The reactive cell graph (arcade lineage, patches 1-12) with effectful invalidation and fresh-by-default program cells; zero further engine changes.",cell set declarations; value pushes,re-priced cell graph; program-cell executions,"If a quant check fails it is the sheet's fault, not the engine's (engine frozen, verified against 36 upstream tests)",invariant,Engine drift would invalidate every cross-check; prevented by vendoring verbatim,yes,PROVENANCE.md:3-15
quilt-quant,labs,quilt-quant-P02,0,substrate,Belief cells and the one tape,"10 visible w.* belief value cells + w.state (participation/dormancy/champion) and mkt.ohlcv, 240 seeded bars — the only input (M1); mkt.truth is hidden and policy never reads it.",seeded synthetic market (seed 20260925),belief state readable by proposal and learning cells,Tape shorter than 60 bars or containing a non-finite positive bar halts everything (M1),precondition,NaN bar poisons downstream — harness proves M1 halts on it,yes,"lab/sheet.mjs:292-293,344-345"
quilt-quant,labs,quilt-quant-P03,1,mechanism,Waveform perception,"Goertzel power at periods 8-64 over returns, dominant period P*, sin/cos resonance projection, trend R2; recovers the hidden 41/13-bar cycles exactly via greedy non-adjacent peak picking.",mkt.ohlcv closes,"wave.spectrum {p_star, ratio, amp, phase, slope, r2}; wave.regime","Indicators may be null while warming up — nulls mean FLAT, never a guess",precondition,Window leakage fakes neighbor peaks without non-adjacent picking,yes,lab/policy.src.mjs:48-101
quilt-quant,labs,quilt-quant-P04,1,mechanism,The world: sim.run publishes a receipt,"Full backtest of the CURRENT beliefs (entries at close, 6bps fees, no leverage, stops/targets/ATR, cycle expiry), publishing sim.last with a hash; analytics are formulas over the receipt.",w.* beliefs; mkt.ohlcv; sig.proposal config,"sim.last receipt {metrics, trades, halt, hash}",No lookahead: bar i may only see bars <= i (truncated-tape policy replay probe),invariant,Lookahead silently inflates Sharpe — probed by mutating bar 400,yes,"lab/sheet.mjs:372,473"
quilt-quant,labs,quilt-quant-P05,1,mechanism,Moth-entropy learning step,"learn.step perturbs two weights per round (least-tried non-meta + moth-random) using qpixl shot-noise floats via moth.pool/moth.cursor, re-runs the world, keeps only strict improvements.",moth.pool entropy floats; w.state participation; sim.last,updated w.* or a refusal row in ledger.rows,Accept iff score = sharpe - 2*maxdd - 0.5*[trades<3] strictly improves,admission,"Noise-chasing would degrade the desk — refusals are receipts, not losses",yes,lab/sheet.mjs:523; lab/sheet.mjs:93-98
quilt-quant,labs,quilt-quant-P06,1,mechanism,M8 dormancy (pruning),"A weight that across 7+ tries never moves the score by >= 0.02 goes DORMANT: frozen at value, removed from the search, receipted; meta-knob w.step_scale exempt.",w.state tries/wins/maxd per weight,dormant set; smaller active search space,"Dormancy requires >= 7 tries AND max delta < 0.02 — decided from data, not luck",admission,Premature freezing would lose latent weights; the try-count floor guards,yes,lab/sheet.mjs:100-104
quilt-quant,labs,quilt-quant-P07,2,policy,Two-block edge-triggered proposal,TREND block (sma-gap x momentum-z) and CYCLE block (rsi extreme aligned with price-wave phase at P*) vote only on FRESH crossings; disagreement yields a CONFLICT block at strength 0.5; every proposal carries its reason.,ind.smaf/smas/rsi/momz; wave.spectrum; w.* thresholds,"sig.proposal {side, strength, block, reason}","Edge-trigger: the vote must be absent on the previous bar (a signal is an event, not a state)",precondition,Held-state voting would overtrade — the harness audits proposal structure,yes,lab/policy.src.mjs:103-151
quilt-quant,labs,quilt-quant-P08,2,policy,M5 confirmation rails,"gateLite vetoes inside the simulation loop: dd-halt 12%, overtrade brake 8 changes/20 bars, vol-z cap, cycle entries need the price-wave behind them, trend SHORT against TREND_UP at strength < 0.8.","sig.proposal; state (ddNow, changes); volz; wave",null (allowed) or veto note,A proposal acts only if every rail returns null — verdict lists its checks,admission,Each rail is individually falsifiable; harness fires dd-halt and veto paths explicitly,yes,lab/policy.src.mjs:153-172
quilt-quant,labs,quilt-quant-P09,2,policy,Entanglement veto,"When the quantum graph read (graph-v1 tomography, 4 feature qubits, ZZ couplings) reports |ZZ| >= 0.82 between momentum and mean-reversion, a CONFLICT proposal is refused: the signals are locked, not independent.",moth.entangle ZZ read; sig.proposal block == conflict,veto or pass,"|ZZ(mom,rev)| < 0.82 required for CONFLICT proposals",admission,Live run measured ZZ -0.937 naive vs -0.028 learned; threshold is a demo constant (honest limit),yes,lab/sheet.mjs:83-85; lab/sheet.mjs:519
quilt-quant,labs,quilt-quant-P10,2,policy,Analyst letter fence,"ai.digest compresses distributed state to <=600 chars; ai.analyst (typed ai cell) must answer ONE letter A-E (keep/explore/exploit/prune/re-tune); the fence lives between model and sheet, mock is state-reactive and labeled.","regime, scores, dormant set, ZZ read, weights","letter -> bounded action (e.g. step_scale scaling, force-prune)",Reply must decode to exactly one of A-E — anything else is REFUSED with a reason,admission,An adversarial digest cannot push the analyst outside the fence (harness check),yes,"lab/play.mjs:29-80; lab/sheet.mjs:611,640"
quilt-quant,labs,quilt-quant-P11,3,interface,Moth-quantum client with cell-level honesty,"submit -> poll -> result client for coin-toss-v1, qpixl-v1, graph-v1; every call receipted in moth.journal; offline mode swaps synthetic data flagged mock:true at the cell level — the sheet never knows, the audience always does.",return waveform / feature encoding; MOTH key (env only),"entropy floats, waveform drift, ZZ tomography",Every API call must land in moth.journal; offline substitutions must be labeled mock:true,seal,Unlabeled mock data would fake quantum provenance,yes,lab/README.md:137-139; lab/sheet.mjs:516-520
quilt-quant,labs,quilt-quant-P12,3,interface,"Glass: lamp, listener and sparkline","sig.lamp shows the gate verdict, lamp.gate listener announces confirmations, art.equity renders the equity curve as a unicode sparkline — the cells themselves rendered for the audience.",sig.confirm verdict; met.* metrics,human-visible verdict lamp + equity glass,,,A silent gate would hide refusals; the lamp makes every verdict watchable,yes,"lab/sheet.mjs:494-504,647"
quilt-quant,labs,quilt-quant-P13,4,evidence,Independent reference stack,"The harness carries its own quant stack (prefix-sum SMAs, delta-array Wilder RSI, settlement accounting, independent DFT) written separately from the sheet kernel, cross-checked to 1e-9 including the full trade sequence.",same tape and beliefs,agreement verdicts per bar/metric,Return/Sharpe/maxdd/exposure and trade sequence must match the reference to 1e-9,postcondition,Any kernel drift between sheet and reference fails the harness loudly,yes,"lab/play.mjs:7-13,89-190,592-602"
quilt-quant,labs,quilt-quant-P14,4,evidence,Witness chain over learning rounds,"ledger.rows is an fnv1a64 chain (one row per round, GENESIS-rooted); the harness re-derives it and proves one flipped byte breaks it at the flipped position.",learning/analyst round rows,tamper-evident ledger,Chain re-derivation must succeed; tampering must break it visibly,seal,Silent history edits — caught by hash mismatch at the flipped byte,yes,"lab/sheet.mjs:608; lab/play.mjs:16,584-614"
quilt-dba,labs,quilt-dba-P01,0,substrate,Fixed-point scaled-integer substrate,"All ledger quantities are scaled integers (unit 1/1000 bit): C_SCALED=1585, ETA_SCALE=2000, gamma constants — no floating-point nondeterminism in JEPA or DoubleEntry cells; vibe floats accumulate through a fixed op order.",sensor/mission events,deterministic ledger arithmetic,Boundary tolerance 1e-9 scaled units — comparisons are exact at the integers,invariant,Float drift would break byte-identical replay (seed3 §4.1 determinism demand),yes,dba/kernels.mjs:8-22
quilt-dba,labs,quilt-dba-P02,0,substrate,Checkpointable randomness,"mulberry32 single-uint32 RNG plus a stateless keyed flicker bit (fnv1a64 of worldSeed:evalN:i) — no hidden rng state, so any mid-run checkpoint replays bit-identically.",worldSeed; evalN,"uniform draws, hazard/food placement, flicker","Every draw must be recoverable from (seed, index) alone",invariant,Hidden RNG state would make resume divergence silent,yes,dba/kernels.mjs:49-68
quilt-dba,labs,quilt-dba-P03,0,substrate,Entropy vault over real cached packets,"DbaVault reads REAL cached moth packets from disk (moth-holdem.json, moth-e16.json), stretches them into a bit pool (fnv1a64 counter-mode), hard-labeled live:false / mock:true — a mock never pretends to be quantum.",cached packet files (read-only),"poolDigest, per-purpose sub-streams, u32 seeds","Monobit sanity: pool rejected unless ones-ratio in (0.4, 0.6)",precondition,A degenerate pool would correlate world randomness; monobit throws on breach,yes,dba/vault.mjs:31-77
quilt-dba,labs,quilt-dba-P04,1,mechanism,Deterministic world generation,"16x16 grid, 4 hazard blocks and 4 zones x 10 food items generated deterministically from worldSeed; hazards never overlap and never sit on the start cell.",worldSeed,world layout,"Start cell (8,8) is never a hazard",precondition,Overlapping hazards would silently shrink the world,yes,dba/kernels.mjs:73-90
quilt-dba,labs,quilt-dba-P05,1,mechanism,Z_in sensors,"sensors.vision = inverse L1 distance to nearest reward scaled to salience 0..1000; sensors.proprio = own position {x,y,t}.",env.state; env.cfg; env.tasks,"salience, proprioception","Salience clamped to [0,1000] (smoke pins 440 -> in range)",postcondition,Unbounded salience would spike the reflex path,yes,dba/sheet.mjs:78-92
quilt-dba,labs,quilt-dba-P06,1,mechanism,JEPA predict + integer surprise,"world.predict: momentum next-position (pos + (pos - prev), clamped) + reward guess from memory.semantic; world.surprise: |dpos|*250 + reward_miss*500 — integer L1 surprise, eta.",env.state; memory.semantic,predicted next position; surprise scalar,Surprise is a pure integer function of state — recomputable at any checkpoint,invariant,Prediction drift would corrupt the competence signal that gates growth,yes,dba/sheet.mjs:95-110
quilt-dba,labs,quilt-dba-P07,1,mechanism,Pincher reflex fast path,"reflex.orient fires at salience > 800 (no teacher, no deliberation); when it fires, policy.action is overridden by pure salience climb.",sensors.vision,reflex bit; override branch in policy.action,Strictly salience > 800 — the threshold is the whole reflex policy,admission,"Reflex hijack of deliberate action near rewards is the intended fast path, not a bug",yes,"dba/sheet.mjs:113-115,170-180"
quilt-dba,labs,quilt-dba-P08,1,mechanism,Growth: adding cells IS advancing stages,"state.stage accumulates position only while surprise declines (gain/50 clamped 0..10); position >= 1000 loads the stage-2 sheet (sensors.language + teacher.label, policy.action reads them) via engine.loadSheet; skills.graph beta1 = E - V + C moves -1 -> 1.",world.surprise; state.position,grown sheet with new live cells,"Position accrues ONLY on declining surprise (competence, not reward)",precondition,Reward alone never grows the sheet — E-D1 R2: unguided arm 10 vs 24500 position,yes,"dba/sheet.mjs:31-33,202-210,233-254"
quilt-dba,labs,quilt-dba-P09,2,policy,DoubleEntry conservation law,"ledger.gamma = 100 base + 150 per teacher consult; ledger.eta = surprise; ledger.check: gamma + eta <= 1585 ? ok : refuse; conservation.test probes the boundary input-driven — 1585 passes, 1586 refuses exactly.",teacher.jev_log; world.surprise; probe input,verdict ok|refuse; conservation.ledger refusal receipts,"gamma + eta <= C = log2(3) x 1000, exact at the scaled integers",conservation,R3 honest negative: never breached in vivo at these parameters — the boundary test carries the guarantee,yes,dba/sheet.mjs:184-199
quilt-dba,labs,quilt-dba-P10,2,policy,JEV typed-decision gate (mock calibration),"teacher.jev_gate: p = 0.5 + 0.5*tanh((success - 0.75)*8) over the last-100 success ring; > 0.95 execute, 0.70-0.95 escalate, < 0.70 discard; LABELED mock:true, every consult logged in teacher.jev_log.",env.success_ring; teacher.mode,"typed decision {type:'noul', noul, action, mock:true}",Every gate row carries the mock label — the OFF voice never impersonates live judgment,admission,Unlabeled mock would fake a live JEV verdict,yes,dba/sheet.mjs:118-131
quilt-dba,labs,quilt-dba-P11,2,policy,Curriculum switching policy,"teacher.feedback: in jev-gated mode only an EXECUTE verdict with noul > 0.95 switches the task, and only upward (easy -> hard, zone of proximal development); unguided arm D switches every 500 evals as the control.",teacher.jev_gate verdict; env.cfg task,switch_to decision,Only EXECUTE + noul > 0.95 + task < 3 may switch — and never downward,admission,Unguided switching grows rewards but never development (E-D1 R2 control),yes,dba/sheet.mjs:133-142
quilt-dba,labs,quilt-dba-P12,3,interface,"Live typesafe SystemOne client, fail-closed",One batched POST /v1/systemone answers N typed questions (noul/choice/score) in ~334ms; four budget caps; one retry then FAIL CLOSED to the sheet's mock gate with fallback_used:true; positive AND negative decisions disk-cached for zero-call bit-identical replay.,buildState() developmental state; TYPESAFE_KEY (runtime only),"typed answers + usage tokens, journaled with prompt HASH",A live gate that cannot answer must never stall the loop and must never silently pretend — every row labeled live|cache|negcache|budget_mock|fail_closed_*,budget,Endpoint migration (.dev NXDOMAIN -> .ai) receipted; 429/5xx -> fail-closed not crash,yes,dba/jev_live.mjs:6-35
quilt-dba,labs,quilt-dba-P13,3,interface,Live moth QRC stochasticity lane,"E-D3: probe FIRST (1 tiny job), inspect result shapes, then choose the engine that yields genuine per-bit variability (coin-toss aggregate vs graph-v1 distinct 8-bit outcome keys vs qpixl decode-noise floats); stream = concatenated job payloads in submission order; caps MAX_JOBS=10, MIN_BITS=4096.",MOTH_KEY (runtime only); engine choice,cached quantum randomness stream with provenance,A batch is labeled live:true/mock:false ONLY if a real job completed,admission,"Jobs with no extractable per-bit payload still contribute provenance + H/T stats, never fake bits",yes,"dba/mothqrc.mjs:19-28,37-43"
quilt-dba,labs,quilt-dba-P14,4,evidence,Receipt chains + byte-identical replay,Each experiment appends receipt rows (21/28/17 rows for E-D1/2/3) sealed by fnv1a64 chains; E-D1 R5 replays from a mid-run checkpoint byte-identically (full_hash == resumed_hash 1de2f9c27e8d); the derived world seed is stored in bundles so replay never re-reads the vault mid-run.,experiment event rows,"sealed, verifiable, replayable experiment records",verifyChain over the re-read file must pass; resumed hash must equal full hash,seal,Any mid-run mutation breaks the chain or the replay equality,yes,experiments/outputs/e_d1_summary.json:36-43
quilt-dba,labs,quilt-dba-P15,4,evidence,Key hygiene doctrine,"Keys load AT RUNTIME only (env, then .env regex), held in closure, NEVER written to any file, log, receipt, journal or console; journal rows carry prompt HASHes; selfScan() re-checks written text against the live key.",process.env / .env,in-memory key handle only,No key material may appear in any artifact — selfScan must find zero matches,seal,An unsanitized exception string once leaked a credential in cot-quilt — this doctrine is the fix,yes,dba/jev_live.mjs:20-25; dba/mothqrc.mjs:8-17
quilt-raw,labs,quilt-raw-P01,0,substrate,Q32 fixed-point integer substrate,"BigInt i64.32 fixed point: truncating mul/div ((i128>>32) wrap), exact integer floor isqrt, ONE/HALF/LOG2_3 matching seed-arch verbatim — the hot path has no floats.",integers,"exact products, quotients, square roots","mul must match the (i128>>32, wrap) reference; isqrt must be the exact floor",invariant,Any rounding would destroy the bit-equal rewind guarantee,yes,q32.mjs:1-91; raw/loop.mjs:45-52
quilt-raw,labs,quilt-raw-P02,0,substrate,Substrate injection seam,"The loop is generic over substrate A ({add,sub,mul,div,sqrt,le,isZero,...}); Q32A is the hot path, F64A exists only so the R2 contrast runs the IDENTICAL code path and op order.",substrate choice,same loop semantics on either substrate,"R2 contrast must be SUBSTRATE-ONLY: identical code path, identical op order",invariant,A divergent code path would make the float contrast vacuous,yes,raw/loop.mjs:40-69
quilt-raw,labs,quilt-raw-P03,1,mechanism,The seven-op tick,"Per tick: measure curvature kappa (pure), stage commit |v|^2*dt and consume H(p)*dt, conservation check, gate crossing test, force v -= grad*dt, integrate p += v'*dt, record Evt={t,p,v,g,e}. Nothing else.","state {p,v,g,e,t,vPrev}; cfg {dt,C,gate}",new state + journal event + optional decision,,,An eighth hidden op would break the seed's claim and the inverse algebra,yes,raw/loop.mjs:112-154
quilt-raw,labs,quilt-raw-P04,1,mechanism,Transactional conservation halt,"commit/consume are staged and written only if the check passes; on breach: no write, no event, no clock advance — the ledger is bit-identical to pre-tick, so every tick stays reversible.","staged g2,e2; C",commit or halted:true with untouched ledger,On breach the ledger must be bit-unchanged (mini-R1 sealed check),conservation,"A plain abort after write would leave a dirty, irreversible ledger",yes,"raw/loop.mjs:17-23,120-128"
quilt-raw,labs,quilt-raw-P05,1,mechanism,Measurements write nothing,"kappa (op 1) and the crossing decision d (op 5) are pure reads — they therefore need no inverse in rewind, keeping the inversion algebra to exactly four undos.","v, vPrev, gate eval","kappa, decision point",,,A measurement that wrote state would need its own inverse and break the count,yes,raw/loop.mjs:25-31; raw/journal.mjs:28-31
quilt-raw,labs,quilt-raw-P06,1,mechanism,Gates as signed-distance functionals,"Gate = {f:Vec->R, theta}: 'well' (harmonic, grad=(px,py)) and 'wall' (half-space, grad=(n)); crossing = sign flip of eval between p and p+v*dt; rising = grad.v > 0 strictly; zero joins the positive side (receipted).","position, velocity, gate spec",crossing && rising decision,A decision requires BOTH sign flip AND rising slope,admission,Sign flip without rising would admit falling exits as decisions,yes,"raw/loop.mjs:36-38,78-96,131-138"
quilt-raw,labs,quilt-raw-P07,1,mechanism,"Exact rewind: four undos, zero search","rewind(j) inverts each event from its recorded post-state: p0 = p - v*dt, v0 = v + grad(p0)*dt, g0 = g - |v0|^2*dt, e0 = e - H(p0)*dt; each recomputed product is bit-identical to its forward twin, so compose or restart folds are exact in Q32.","journal of {t,p,v,g,e} events; cfg; substrate",seed state + all per-event pre-states,"rewind(50 events) must bit-equal the origin seed (integer equality, no tolerance)",postcondition,"Approximate inversion (least-squares, search) is forbidden by the charter",yes,"raw/journal.mjs:8-38,51-78"
quilt-raw,labs,quilt-raw-P08,1,mechanism,Token gluing grammar,"Tok = {r: invariant id, d: boundary ids, k: kappa}; glue(t1,t2) unions boundaries iff they intersect; shell(S) = ids appearing in exactly one token boundary (odd-degree cancellation); close(S) iff shell is empty.",token sets,"glued shapes, boundary, closedness verdict",glueAll returns null on any disjoint pair — the shape must stay connected,precondition,Gluing disconnected tokens would fake a closed shape,yes,raw/egg.mjs:29-59
quilt-raw,labs,quilt-raw-P09,1,mechanism,Egg lifecycle,"egg(S) requires close(S); the nursery N starts as the interior and GROWS by adding each nursery-tick decision's 2^-4 lattice id; break fires when |N| > theta, emitting the live Mode {p,v,kappa,gamma,eta} and marking the shell open.",closed shape; nursery loop decisions,Mode emission on break,The shell boundary must stay empty up to the break (R3 asserts exactly this),precondition,Breaking an unclosed egg would emit from a non-interior,yes,raw/egg.mjs:1-26
quilt-raw,labs,quilt-raw-P10,1,mechanism,Field render: deltas to topology,"emit(m) returns the Mode's five fields verbatim; render quantizes deltas to 2^-4 lattice cells, glues same-cell deltas into nodes, links nodes at Chebyshev distance <= R=2, takes union-find components; canonically sorted, topoHash = sha256.",emitted deltas,"{nodes, edges, components, topoHash}","render is pure: same journal -> same topology, hash-checked (R4)",postcondition,Hidden state in render would break replay determinism,yes,raw/field.mjs:8-57
quilt-raw,labs,quilt-raw-P11,3,interface,Journal as lineage,"Evt = exactly {t, p, v, gamma, eta}; record appends; fork(j,t) = prefix slice = new lineage; the journal is the gapless state trajectory (contiguous t asserted).",tick events,lineage that can branch at any t,Event t values must be contiguous 0..n-1 — a gap means an unrecorded write,invariant,Extra fields or gaps would break the four-undo inversion contract,yes,"raw/journal.mjs:3-6,45-46"
quilt-raw,labs,quilt-raw-P12,4,evidence,Canonical bytes and hashes,jline serializes events with Q32 as exact decimal integers and f64 via shortest-round-trip JSON; jhash = sha256 over newline-joined lines; topology likewise canonically hashed — R4/R5 replay checks compare bytes.,journal / topology,"deterministic byte strings, sha256 digests",Same state must always produce the same bytes (deterministic serialization),seal,Locale or float-format drift would produce different hashes for identical state,yes,raw/journal.mjs:80-88; raw/field.mjs:55-56
quilt-raw,labs,quilt-raw-P13,4,evidence,Charter law: decision rules before the run,"The seed charter (first commit, never edited) demands paired arms on identical worlds, verdict rules receipted BEFORE the run, counterfactual measurement with the mechanism zeroed, loud honest negatives, and green smoke on every commit.",charter text,experiment discipline for every lane here,No post-hoc verdicts — the rule must precede the numbers in the receipt chain,precondition,Post-hoc verdicts would make every sealed result unfalsifiable,yes,"README.md:1-6,172-182"
quilt-raw,labs,quilt-raw-P14,4,evidence,Float64 contrast arm,"The R2 experiment runs the identical loop on f64 and receipts DRIFT-NONZERO: compose-mode seed deviation 7.48e-17, max 1.04e-16 — proving exactness is a property of the Q32 substrate, not a lucky code path.",same journals on both substrates,finite drift numbers in the sealed summary,The contrast must show NONZERO float drift while Q32 stays bit-equal,postcondition,"If float were also exact, the substrate claim would collapse",yes,"raw/loop.mjs:54-56; experiments/outputs/e_r1_summary.json:11,22-28"
cot-quilt,labs,cot-quilt-P01,0,substrate,Lens-sampled chain-of-thought,3x deepseek-v4-pro samples of the same prompt under skeptic/engineer/teacher lenses; CoT + answer + usage + finish_reason captured per sample; diversity is enforced by persona because the seed parameter is accepted but ignored (probe-receipted).,prompt; lens personas,3 orthogonal CoTs,Burn-guard: finish=length with empty content triggers a 3x-budget retry,precondition,A reasoner that spends the whole budget on reasoning would yield an empty sample,yes,"README.md:18-21,91-96"
cot-quilt,labs,cot-quilt-P02,1,mechanism,Split: typed step compression,deepseek-flash compresses each CoT into <=8 typed steps (PREMISE | INFERENCE | CHECK | DECISION | CONCLUSION) with a JSON repair loop.,CoT markdown,typed step lists,"Steps must parse to the typed schema — malformed JSON goes through repair, not silently onward",postcondition,Untyped dumps would make wiring and merging undefined,yes,README.md:22-23
cot-quilt,labs,cot-quilt-P03,1,mechanism,Wire: load-bearing battery,typesafe.ai (jev-latest) battery per sample: rubric 0-3 load-bearing score per step (expectation = sum p_i * i) plus a dependency choice per step — edges with probabilities.,typed steps,weighted dependency edges,,,Unweighted edges would lose the strength signal that routing later needs,yes,README.md:24-26
cot-quilt,labs,cot-quilt-P04,1,mechanism,Merge: cross-seed agreement as weight,flash aligns steps across samples into clusters; occurrence count = cross-seed weight; kept-out divergences become ALTERNATE ROUTES — the convergence/divergence structure of the big model's idea becomes visible per-cell.,3 wired step graphs,clustered graph + divergent routes,,,Averaging across seeds would erase exactly the divergence signal this stage exists to keep,yes,"README.md:27-29,55-58"
cot-quilt,labs,cot-quilt-P05,1,mechanism,Judge and fold-back,The larger model judges the merged graph against the original prompt (thoroughness 0-10 + up to 5 gaps); flash folds the gaps back in as origin='critique' cells -> graph v2 — a quilt that grows its own missing cells.,merged graph; original prompt,judge score + gaps -> critique cells (graph v2),"The judge's gaps must become cells, not a footnote",postcondition,First run judged 6/10 and the five gaps became five critique cells — the finding is the payload,yes,"README.md:30-32,50-58,68-70"
cot-quilt,labs,cot-quilt-P06,2,policy,Compose/test separation,"run-1 discipline: flash composes, typesafe and Hermes-3-405B judge; no model judges a node set it composed; flash cross-reviews typesafe-only nodes; the separation is receipted in judges/verdict.json.",per-arm node sets,separation receipt + independent verdicts,A judge must never see only its own compositions,admission,Self-judging would inflate completeness (p_complete 0.71 came from an independent battery),yes,scripts/run1_pipeline.mjs:14-19; runs/2026-10-01-run1/judges/verdict.json
cot-quilt,labs,cot-quilt-P07,2,policy,Budget and retry policy,"run-1 budget <= ~20 provider calls (planned 10, reserves for JSON repair); burn-guard retries at 3x budget (12k -> 36k tokens); remediation path --redo-seed re-calls ONE contaminated seed and reuses every other cached stage verbatim.",phase plans; provider responses,"bounded spend, receipted retries","Total calls capped; every retry and remediation receipted, all-in spend declared ($0.098)",budget,Unbounded retries would silently burn credits,yes,"scripts/run1_pipeline.mjs:23-27,43-47; README.md:133-136"
cot-quilt,labs,cot-quilt-P08,2,policy,Quantum seed discipline,"3x16 true quantum bits from mothquantum coin-toss per-bit jobs, parallel, fail-closed to os.urandom with per-bit flags; flagship run 48/48 true bits; entropy_bits_true < 16 marks any fallback bit.",mothquantum coin-toss jobs,seeded samples with provenance flags,Every bit must be labeled true-quantum or fail-closed — no unlabeled mixing,seal,Silent urandom fallback would fake quantum provenance,yes,"README.md:14-16,100-101"
cot-quilt,labs,cot-quilt-P09,3,interface,"Atomic receipted runs, resumable","Every phase persists state/<phase>.json atomically (tmp + fsync + rename) and receipts each call into seeds/ledger.jsonl (append-only); interrupted runs resume per-sample; runs are keyed by content, not wall clock.",pipeline phase outputs,resumable run directories with sealed ledgers,Receipt writes must be atomic — a mid-write kill once truncated a receipt and the lesson is receipted,invariant,Partial writes would poison resume; the 63-a-r audit-then-remediate path exercised this for real,yes,"scripts/run1_pipeline.mjs:24,55-64; README.md:35-39,97-99"
cot-quilt,labs,cot-quilt-P10,3,interface,Cell signature (drop into a quilt),The output contract: graph_v1 nodes -> value cells; edges -> links with p as dial weight; judge.gaps -> question-cells; critique nodes -> origin='critique' next-generation cells; typesafe load-scores -> cell resolution policy.,graph v1/v2; judge verdicts,quilt-ready cell declarations,,,Without a drop-in contract the graph stays a research artifact,yes,README.md:60-72
cot-quilt,labs,cot-quilt-P11,4,evidence,Keyscan ritual,Pre-push credential scanner over HEAD tree + staged diff + worktree for gsk_/sk-/ghp_/github_pat_/apikey_/moth_/cfut_ patterns with length guards; matched values are NEVER printed; exit 0 only when clean or every hit matches a receipted-benign suppression.,git tree state,CLEAN / RECEIPTED-BENIGN / UNRECEIPTED verdict,Exit 1 on any un-receipted credential-shaped hit — the scanner must never become the leak,admission,"Verified live: verdict CLEAN with 2 receipted-benign hits, exit 0",yes,"scripts/keyscan.mjs:8-29,38-46"
cot-quilt,labs,cot-quilt-P12,4,evidence,Incident ledger (never-delete-data),"The leaked deepseek credential stays verbatim in the sealed receipt; it is DEAD (rolled by principal); suppressions carry written justifications pointing at SECURITY-INCIDENT.md — suppression means receipted and inert, never ignore-the-future.",SECURITY-INCIDENT.md; suppression table,auditable incident memory,A suppression requires a written justification + pointer to the incident record,seal,Deleting the evidence would hide the class of bug instead of the credential,yes,scripts/keyscan.mjs:50-59
MicroMoth-quilt,labs,MicroMoth-quilt-P01,0,substrate,MicroMoth statevector core,"The template micromoth.py (289 lines, stdlib only): QuantumCircuit with h/x/rx/rz/cx/crx/swap + decomposed y/z/ry, simulate() with counts/memory/probability_dictionary/statevector views; ports in Lua/C#/JS/Arduino.",circuits,measurement distributions and statevectors,Upstream tree untouched — the fleet adds only receipts around it,invariant,Editing the baseline would break every sha256 pin downstream,yes,"README.md:7-9,39; micromoth.py:1-289"
MicroMoth-quilt,labs,MicroMoth-quilt-P02,0,substrate,Circuit-as-ledger identity,One QuantumCircuit.data list IS a cell ledger — the ordered gate list already has the shape of an append-only chain ending in measurement events.,circuit append operations,a hash-chained cell interpretation of the circuit,,,Any out-of-band mutation of qc.data would desync ledger from circuit,yes,docs/CELL-MAPPING.md:36-42
MicroMoth-quilt,labs,MicroMoth-quilt-P03,1,mechanism,BIND/LINK gate chaining,"Every gate application becomes a BIND cell {kind:'gate', args:{op, qubits, theta?}}; first gate's prev is genesis 0x0, later prevs are fnv1a-64 of the preceding cell; one explicit LINK per circuit boundary (simulator version, shots plan).",gate appends,tamper-evident gate chain,Edit one gate and every downstream id moves — the tamper-evidence property,invariant,Silent gate edits are caught by id re-derivation in the pins,yes,docs/CELL-MAPPING.md:40-50; tools/collapse_ledger.py:59-80
MicroMoth-quilt,labs,MicroMoth-quilt-P04,1,mechanism,"Primitives, not sugar","y/z/ry decompose into rx/rz/x at append time (micromoth.py methods), so a circuit cell chain never contains them; the wrapper keeps a SUGAR set whose presence in qc.data would mean a hand-built, unbaseline chain.",user gate calls,canonical primitive-only chains,Sugar ops in a chain are a refuse condition (sugar never ledgers),admission,Non-canonical chains would be unverifiable against the baseline,yes,docs/CELL-MAPPING.md:19-22; tools/collapse_ledger.py:61-63
MicroMoth-quilt,labs,MicroMoth-quilt-P05,1,mechanism,Collapse as EFFECT cells,"Each shot outcome is an EFFECT cell {kind:'collapse', shot:i, outcome:bitstring, seed}; noise_model entries are EFFECT parameters, not silent edits — measurement is an event, never a mutation of gate cells.",seeded simulate() shots,per-shot collapse receipts,A collapse event must never alter the gate chain,invariant,Conflating measurement with mutation would destroy replayability,yes,docs/CELL-MAPPING.md:51-55
MicroMoth-quilt,labs,MicroMoth-quilt-P06,1,mechanism,VIEW cells over the same chain,"simulate(qc, shots, get=...) is literally a VIEW cell {args:{shots,get}}; counts, statevector and probabilities_dict are three views of the SAME circuit chain — 'we looked at counts' is itself receipted and re-derivable.",circuit chain; view choice,view receipts,,,Unreceipted views would make analysis claims unreplayable,yes,docs/CELL-MAPPING.md:56-60
MicroMoth-quilt,labs,MicroMoth-quilt-P07,1,mechanism,TICK: moments as layers,The gate chain partitions into qubit-disjoint layers; a TICK cell closes each moment; depth = number of TICKs — coarse-grained time without touching gate order.,gate chain,"moment boundaries, circuit depth",,,Reordering gates within a moment would invalidate the depth claim,yes,docs/CELL-MAPPING.md:61-64
MicroMoth-quilt,labs,MicroMoth-quilt-P08,2,policy,Seal policy for collapse runs,"simulate() takes NO seed argument and reads module-global random — the wrapper plumbs a seed through exactly that source (seed -> simulate -> restore), records the plumbing as the EFFECT parameter, and REFUSES to call an unseeded run sealed.",seed; circuit; shots,SEALED BIND/LINK/EFFECT chain,No seed plumbed and recorded => no seal,seal,Sealing an unseeded run would produce a collapse receipt nobody can re-execute,yes,tools/collapse_ledger.py:2-22
MicroMoth-quilt,labs,MicroMoth-quilt-P09,2,policy,Sibling-port gate,quilt-qcells (wave 49) claimed quantum-ops-as-cells for the engine itself; this lane coordinates rather than duplicates — the roadmap marks the quilt-native plugin as gated on that sibling.,sibling repo claims,non-duplicative scope for this lane,No quilt-native code lands in this repo until the sibling-port question is settled,admission,Duplicate implementations would fork the cell algebra,yes,README.md:77-79
MicroMoth-quilt,labs,MicroMoth-quilt-P10,3,interface,Import manifest tool,"tools/import_manifest.py computes fnv1a-64 + sha256 per tracked file (267 files sealed), excludes itself by name and records the exclusion; receipts/import-baseline.json is regenerable and pinned.",tracked files,sealed digest manifest,The tool must exclude itself by name — self-reference would make the manifest unverifiable,seal,Observed live: the manifest now lags the tree (exp012/exp013 receipts added post-seal) and the pin FAILS loudly,yes,README.md:47; tools/import_manifest.py:1-76
MicroMoth-quilt,labs,MicroMoth-quilt-P11,3,interface,quantum-wow plugin with honest degrade,"quantumSeed/quantumCoin/quantumField run simulated (default, no key) via a JS MicroMoth port; BYO-key real mode calls comet-qrng-v1 and DEGRADES gracefully back to simulated on any failure, always returning {mode, degraded, error}; CORS absence and zero-extractable-bytes NIST outcomes are receipted as honest limits.",visitor key (runtime only); nbits/field params,"seeds, coin flips, value fields + honesty metadata",Every public method returns a usable result plus mode/degraded — the widget must say what actually happened,postcondition,A silent fallback would fake IBM-hardware randomness,yes,README.md:129-143
MicroMoth-quilt,labs,MicroMoth-quilt-P12,4,evidence,Pins that re-derive and re-execute,"test_collapse_ledger re-derives every cell id, names tamper locations, and LIVE re-executes sealed receipts; test_cell_mapping pins the doc's op table == simulate() dispatch; test_import_baseline re-runs the Bell check on every invocation — the import can never silently rot.",sealed receipts; docs; simulator,pass/fail with named tamper or drift,"Pins must fail loudly and name the fix (regenerate the manifest, never edit by hand)",postcondition,19/20 green today; the 1 failure is the manifest-drift pin doing exactly its job,yes,README.md:48-52; tests/test_collapse_ledger.py:1-60
MicroMoth-quilt,labs,MicroMoth-quilt-P13,4,evidence,Provenance honesty tags,"The declared upstream moth-quantum/MicroMoth returned 404 at import time, so the fork is self-governing: AUDIT.md's sealed baseline is the authority and every claim is tagged VERIFIED (run, dated) or RECORDED (read from repo metadata).",import-time checks; repo metadata,tagged audit record,Nothing may be tagged VERIFIED without a run and a date,seal,Unverified claims would masquerade as checked facts,yes,README.md:54-57; AUDIT.md:1-200
moth-research,labs,moth-research-P01,0,substrate,Vendored primary-source snapshot,"The Moth Quantum docs are mirrored offline as self-contained HTML (intro, endpoints, engines): the stable, no-network ground truth about what quantum randomness and waveform services exist.",upstream docs site,offline exhibits readable without a key,,,Link-rot or paywalled docs would leave the labs guessing at engine semantics,yes,intro.html:1-10; p_engines.html:1-5
moth-research,labs,moth-research-P02,0,substrate,Engine menu with economics,"Per-engine pages carry the decision fields: coin-toss-v1 v1.0.15 at 2 credits/run, qpixl-v1 at 1 credit, graph-v1 at 5 credits, labyrinth and entanglement-shader — version, publisher, updated-date, usage per run.",engine documentation,"costed, versioned engine inventory",An engine without version + usage metadata is not selectable,precondition,Choosing by name alone ignores cost and behavioral version drift,yes,p_engines_coin-toss-v1.html:1-39; p_engines_qpixl-v1.html:1-53; p_engines_graph-v1.html:1-56
moth-research,labs,moth-research-P03,1,mechanism,Endpoint contract,"Base URL https://api.mothquantum.com/api/v1, bearer auth on every call, machine-readable /openapi.json, 56 operations, identity via GET /me — the stable plumbing every client copies.",HTTP,uniform request/response envelope for all engines,Bearer auth required on every call — no anonymous paths,precondition,Quilt-dba receipted the .dev/.ai host confusion; the contract page is what arbitrates,yes,p_endpoints.html:1-21
moth-research,labs,moth-research-P04,1,mechanism,Payload-shape taxonomy,"The engines differ in what randomness they yield: coin-toss returns per-job H/T aggregates; graph-v1 returns counts keyed by measured 8-bit outcome strings (each distinct key is a real sample); qpixl returns decode-noise floats — three shapes for three uses (stats, bits, entropy floats).",engine result schemas,shape -> use-case mapping consumed by quilt-dba E-D3,"A payload with no extractable per-bit variability contributes provenance, never fake bits",postcondition,Misreading shapes would harvest aggregates as if they were per-shot bits,yes,p_engines_graph-v1.html:1-56; p_engines_qpixl-v1.html:1-53
moth-research,labs,moth-research-P05,1,mechanism,Async job lifecycle,"Submit a job (POST /engines/{id}/process), poll status, fetch result — the quickstart loop every fleet client re-implements (moth_client, mothqrc, quantum-wow real mode).",engine params; bearer key,job results with job_id,,,Fire-and-forget calls would lose job_id provenance,yes,intro.html:1-10
moth-research,labs,moth-research-P06,2,policy,Probe-first selection policy,"The discipline the docs enable: probe with 1 tiny job, inspect result shapes, THEN choose the engine that yields genuine per-bit variability; hard caps on jobs (10) and target stream size (4096 bits) are set before any harvest.",engine menu; probe job results,a justified engine choice with caps,No harvest before a probe and written caps — the decision precedes the spend,admission,Harvesting blind would waste credits on engines whose shape cannot serve the use,yes,"p_engines.html:1-5; (consumer enforcement) quilt-dba/dba/mothqrc.mjs:19-28,41-42"
moth-research,labs,moth-research-P07,2,policy,Offline twin strategy,"The repo vendors the offline twins the labs develop against: MicroMoth (stdlib statevector simulator, seedable) and quantum-audio (QPAM/SQPAM/QSM schemes mapping audio onto circuits) — quantum semantics available with no key and no network.",vendored upstream packages,no-key local quantum ground truth,Twins are labeled as twins — simulated semantics never claim hardware provenance,invariant,Confusing twin output with hardware output would fake quantum results,yes,MicroMoth/README.md:89-97; quantum-audio/README.md:1-14
moth-research,labs,moth-research-P08,3,interface,Exhibit interface,"Each engine page is a self-contained HTML exhibit with request/response schemas, try-it links, and example outputs — the artifact format that makes the menu legible to a zero-shot reader or agent.",docs HTML,per-engine readable contracts,,,A prose summary alone would lose the exact schemas clients copy,yes,p_engines_coin-toss-v1.html:1-39; p_endpoints.html:1-21
moth-research,labs,moth-research-P09,3,interface,Consumer lattice,"Three labs wire this menu: quilt-quant (coin-toss probe, qpixl waveform round-trip -> entropy pool, graph-v1 tomography -> veto), quilt-dba (vault over cached packets; E-D3 live QRC stream), MicroMoth-quilt (quantum-wow real mode via comet-qrng-v1 with honest degrade).",documented engines,"applied entropy in trading, development and web randomness",,,A lab bypassing the documented contract would fork the wire semantics,yes,p_engines_qpixl-v1.html:1-53; (consumers) quilt-quant/lab/README.md:121-139; quilt-dba/dba/mothqrc.mjs:1-28
moth-research,labs,moth-research-P10,4,evidence,Provenance chain discipline,"The docs' job_id/backend/timestamp fields are what make downstream receipts possible: every fetched batch lands in caches WITH provenance (job_id, engine, backend, timestamps) and WITHOUT key material; labels live:true/mock:false only for completed real jobs.",job results,replayable provenance records,No key material may ever enter a cache or receipt; provenance fields are mandatory,seal,Dropping job_id would make a randomness claim unreplayable and unauditable,yes,p_endpoints.html:1-21; (consumer enforcement) quilt-dba/dba/mothqrc.mjs:8-17
superinstance-site,meta,superinstance-site-P01,0,substrate,single self-contained HTML substrate,"One file, zero dependencies, works offline — the entire showcase (engine, four demos, landscape, manifesto, og assets) ships as index.html.",browser request for index.html,a running page with four live sheets,,,any external dependency would break the offline promise,yes,"index.html (1452 lines, 467KB incl. inline base64 art); README.md 'One file, zero dependencies, works offline'"
superinstance-site,meta,superinstance-site-P02,0,substrate,deep-tide token palette,"CSS custom properties --ink/--surface/--tide/--signal/--budget/--quantum define the entire visual substrate; accents are semantic, not stylistic.",brand/README.md palette table,"every surface, flash, meter and glow on the page",,,a color used decoratively breaks the meaning-binding rule,yes,index.html lines 12-19 (:root tokens); brand/README.md 'Palette — deep tide'
superinstance-site,meta,superinstance-site-P03,1,mechanism,mini engine Sheet (value/formula/deps),"A ~120-line reactive engine embedded in the page: cell(id,value), def(id,deps,fn) with stale recompute, sameV deep-equality to suppress no-op cascades, errors captured as {__error}.",cell definitions from the four demo sheets,cell values recomputed only when dependencies change,"formula re-eval is skipped when sameV(old,new) is true",invariant,deep mutation aliasing silently skips recompute (the hold'em n=0 freeze bug),yes,"index.html lines 648-684 (class Sheet, _eval, _set, sameV); README 'same semantics as the full quilt runtime'"
superinstance-site,meta,superinstance-site-P04,1,mechanism,Bus + watch listeners,"A global Bus.emit fires on every value change; watch(target,fn) registers listeners; every mini-console in the page subscribes to real engine traffic.","Bus emit events {sheet,id,kind,old,v}","listener actions: tide gauge lights foam, moves played, reads spoken","every console line must originate from a real Bus emit, not synthesized text",invariant,theater consoles (scripted logs) would void the proof-by-running claim,yes,"index.html lines 632-637 (Bus), 666 (watch), 683 (_set emits); demos intro 'real engine traffic, sampled, not theater'"
superinstance-site,meta,superinstance-site-P05,1,mechanism,cascade cycle-guard,The Sheet carries depth and dead flags so a cascade cannot re-enter itself infinitely; listeners firing mid-cascade are the documented hazard it guards.,any cascade of formula recomputes,"bounded, terminating cascades",cascade depth bounded; dead sheet halts further _set propagation,invariant,unbounded listener->set->listener loops (the class of bug that blew up the ocean),yes,"index.html line 651 (this.depth/this.dead), 684 (if (this.dead) return); README '~120-line reactive engine ... cascade cycle-guard'"
superinstance-site,meta,superinstance-site-P06,1,mechanism,deterministic PRNG replay,"Demos seed a deterministic PRNG 'so every reload replays honestly' — a reload is a re-run, not a new experiment.",fixed seed,identical demo behavior across reloads,reload N and reload N+1 must produce identical cell histories,invariant,Math.random() would make screenshots unreproducible and QA flaky,yes,index.html line 708 comment 'deterministic PRNG so every reload replays honestly'
superinstance-site,meta,superinstance-site-P07,1,mechanism,visible weight drift (reversi loop),"TIDE (positional weights) vs TERRA (mobility) self-play reversi where the loser's weight cells drift after every game — the learning loop is watchable, not claimed.",finished game result,mutated weight cells (visible drift),,,weights updated in a hidden store would reduce the demo to theater,yes,README.md demo table row 02; index.html demo-02 section
superinstance-site,meta,superinstance-site-P08,2,policy,gated entries on a rationed quantum budget,On the signal desk a signal is only a proposal; a confirmation cell is the gate; entries can require a draw from a rationed (mocked) quantum budget.,EMA-cross tape signal (proposal),entry only on confirmation + budget draw,entry admitted only after confirmation cell AND quantum budget draw,admission,auto-entering on raw signal would contradict 'perception costs something',yes,README.md demo table row 04; index.html demo-04 section
superinstance-site,meta,superinstance-site-P09,2,policy,honest-landscape policy,"The comparison table is scored only on the four axes SuperInstance is actually about, and the page must carry a plainly-worded panel of where the big players win today — a bounded claim, never universal superiority.","competitor capabilities (Excel+Copilot, Sheets+Gemini, Airtable, Notion, Observable, Bloomberg, Hex/Deepnote)",yes/part/no scores per axis + 'where the big players win' panel,the honest panel must exist and name concrete domains where competitors win,invariant,dropping the honest panel turns positioning into marketing,yes,index.html lines 507-541 (landscape table + .honest div)
superinstance-site,meta,superinstance-site-P10,2,policy,accent discipline,"Aqua leads; coral/amber/violet appear only where their meaning applies (events, economy, quantum); one glow per element, never rainbow — motion rules included ('nothing bounces; the tide moves').",any new UI element,colored element whose color encodes its meaning,,,decorative color erodes the semantic palette,yes,brand/README.md 'Accent discipline' + Motion section
superinstance-site,meta,superinstance-site-P11,2,policy,offline brand constraint,The wordmark is intentionally a system font stack — the brand must render inside one self-contained HTML file with zero font downloads; the constraint is stated as a feature.,"brand kit (mark.svg, logo.svg, favicon.svg)",identity that renders identically offline,,,a webfont dependency would silently break the self-containment law,yes,brand/README.md 'The wordmark is intentionally set in a system font stack'
superinstance-site,meta,superinstance-site-P12,3,interface,four live demos as the argument,"Ocean-as-a-Sheet (336 value cells, wave formula, tide gauge), self-playing Reversi, Hold'em reading the players, and the signal desk — each demo is one claim tested in a realm.",the mini engine,four running sheets a stranger can watch,,,any demo degrading to a canned animation,yes,README.md demo table; index.html demos section (DEMO 01-04)
superinstance-site,meta,superinstance-site-P13,3,interface,landscape table + positioning 2x2 SVG,The honest map is rendered twice: a scored HTML table and a standalone 2x2 SVG (static-to-living x human-driven-to-agentic) plotting all players with SuperInstance alone in the living+agentic quadrant.,the scored competitor axes,the visual map (mirrored in images/positioning-map.png),,,a map without the table's scores would be an unargued picture,yes,"index.html lines 515-574 (svg viewBox 780x430, role=img aria-label 'Positioning map')"
superinstance-site,meta,superinstance-site-P14,3,interface,the watching cell brand kit,"mark.svg = a quilt of four cells, three quiet, one lit and pulsing — 'the smallest honest diagram of the whole idea'; logo lockup + 64px favicon + og-card.",brand concept 'cells that watch back',"mark.svg, logo.svg, favicon.svg, og-card.png",,,a logo the demos could not explain would be decoration,yes,brand/README.md; brand/mark.svg; brand/logo.svg; brand/favicon.svg; images/og-card.png
superinstance-site,meta,superinstance-site-P15,4,evidence,playtest findings-to-fixes ledger,"The README publishes the four QA rounds as a finding->fix table: wrong two-step wave scheme (-7.2e+34), pre-listener evaluation stall, copy-then-mutate aliasing fix, flex-shrink squash, render-gain revival.",headless Chromium QA harness runs,public ledger of caught bugs and their fixes,every fix in the table must be traceable to a stated finding,seal,publishing fixes without findings launders the process,yes,README.md 'Playtest log — what iterating actually caught' (v1/v2/v3 table)
superinstance-site,meta,superinstance-site-P16,4,evidence,automated screenshot evidence,"demo-*.png and qa-*.png are real screenshots captured by the automated playtest, not mockups — the image directory is a receipt archive.",QA harness per-demo screenshots,"images/demo-ocean.png, demo-reversi.png, demo-holdem.png, qa-*.png",screenshots must come from real QA runs of the shipped file,seal,hand-made 'screenshots' would fake the demos,yes,"README.md images section; images/ (demo-ocean.png, qa-manifesto.png, qa-ecosystem.png, ...)"
superinstance-site,meta,superinstance-site-P17,4,evidence,live stats receipts,"Hero stats book the engagement's provenance: 6 living projects, 187 green checks, 12 engine patches, 36/36 upstream tests kept — mirrored in the footer with a date.",fleet CI/patch history,on-page counters (hero + footer '187 checks green · 12 patches · 2026-09-25'),,,stale counters would misstate the account's state,yes,index.html hero .stats block + footer line 622
superinstance-site,meta,superinstance-site-P18,4,evidence,zero-error console bar,"Final QA state is 'zero console/page errors' with the hero canvas verified animating, reversi self-playing to 63 discs, hold'em reads climbing street by street — the acceptance receipt of the whole page.",full QA run,a page whose console is clean,zero console/page errors across the whole playthrough,postcondition,any uncaught page error voids proof-by-running,yes,README.md 'Final state: zero console/page errors...'
superinstance-site,meta,superinstance-site-P19,2,policy,mechanical-vs-strategic split,"Pot odds cost 0 tokens (a formula); opponent reads (shape.opp looseness/aggression/deception) are observations spoken by a listener, with a focus slider that fades your own cards into the environment.","game state (community cards, pot)",free mechanical odds + metered observational reads,mechanical computation must remain free (0 tokens),budget,charging tokens for arithmetic would collapse the economy metaphor,yes,README.md demo table row 03 ('the odds are mechanical; the players are the game')
quilt-upstream,meta,quilt-upstream-P01,0,substrate,cell graph as universal substrate,"A cell is a node in a directed graph receiving inputs, computing any function, exposing its value — exactly the message-passing pattern under modern neural architectures, generalized: v_i = f_i({v_j}) where the neuron's f is one special case.",any computable node function,a cell graph,,,fixing f to weighted-sum would collapse the generalization,yes,NEURAL-CELLS-RESEARCH.md 'The core insight' (Quilt cell vs neuron equations)
quilt-upstream,meta,quilt-upstream-P02,1,mechanism,the 8 primitives as per-cell ops,"Z_in (input), Z_out (output), JEPA (prediction), DoubleEntry (balanced state updates), Vibe (phenomenological mood), GC (pruning), Murmur (noise injection), Graph (self-model) — the discrete computational core each cell runs.",cell events,cell state transitions,,,a primitive dropped breaks the CNS completeness claim,yes,essays/paper-53-two-nervous.md section 2 (numbered primitive list)
quilt-upstream,meta,quilt-upstream-P03,1,mechanism,conservation law gamma + eta = budget,"The total of gamma (ghost weight of past decisions) and eta (breath of current ambition) must equal the budget — 'Not balance, not equilibrium. Conservation.' The budget is time, attention, the fuel of the ship.",every decision spending gamma or eta,an invariant total,"gamma + eta = budget at all times; no more, no less",conservation,unrecorded spending breaks the keystone law,yes,essays/essay-26-the-living-spreadsheet.md lines 15 and 55 ('gamma + eta = budget')
quilt-upstream,meta,quilt-upstream-P04,2,policy,watching as the primitive act,"The watch is not a device but the act of looking: witnessing, not judging — 'I am not judging. I am witnessing... The watch is the act of being there'; the observer is part of the system it watches.",system state,"witnessed, participatory observation",,,detached metrics dashboards replacing the gaze,yes,"essays/essay-26-the-living-spreadsheet.md lines 31, 57 ('the watch is the act of looking')"
quilt-upstream,meta,quilt-upstream-P05,1,mechanism,ship as .qzt vessel,`quilt ship mood.qzt` bundles cells + manifest into one small file — a vessel you can put in a pocket and pass to the next hand.,a sheet's cells + manifest,one .qzt artifact,,,deployment pipelines replacing a copyable artifact,yes,essays/essay-110-first-voyage.md line 25 ('She typed quilt ship mood.qzt... It was a vessel')
quilt-upstream,meta,quilt-upstream-P06,2,policy,zero-dependency onboarding claim,"2:22 PM pip install -> 2:41 first cascade ('the cells were talking to each other... no server, no API, no build, no pipeline') -> 3:15 shipped — the essay argues onboarding cost is itself the design object.",quilt init/add/watch/ship CLI,a working multi-cell system in <1 hour,,,"framework-style onboarding (React components, state management) the essay's heroine abandons",yes,essays/essay-110-first-voyage.md lines 11-29 (timestamped build narrative)
quilt-upstream,meta,quilt-upstream-P07,2,policy,stage-wise belief outgrowth,"Each version arc is framed as a belief the cell outgrows: 'It believed it was a grid' (v0.1), 'It believed it was an API... But truth is not a port' (v0.2), onward to impossibility proofs as 'salt — not to break, but to preserve' (v0.7).",version history,a narrative where limitations are load-bearing,,,changelog-as-list instead of changelog-as-meaning,yes,essays/essay-204-the-evolution-of-quilt.md v0.1-v0.9 section headers (lines 17-253)
quilt-upstream,meta,quilt-upstream-P08,1,mechanism,murmur-agent + five gossip strategies,"A guest in the bilge 'thinks all night. Not with purpose, not with gain' — mapping the ocean via five moves named as primitives: Explore=Z_in, Connect=Graph, Contradict=JEPA, Synthesize=DoubleEntry, Question=Vibe; the Knowledge Tensor is 'the pattern of murmurs'.",idle cycles,an ocean map grown from purposeless thought,,,instrumenting idle thought until it becomes purposeful labor,yes,essays/essay-205-murmur-is-the-cells-gossip.md lines 9-23
quilt-upstream,meta,quilt-upstream-P09,2,policy,law survives reimplementation,"The spreadsheet, the Quilt and the noether-guard hold the same law in different forms: 'They are not copies. They are versions' — two sails from the same bolt of canvas; the guard 'does not detect error. It forbids it.'",one conservation law,"many substrates, one invariant",the integrity of the idea must hold in every implementation,invariant,reimplementations drifting from the conserved law,yes,essays/essay-207-two-implementations.md lines 18-32
quilt-upstream,meta,quilt-upstream-P10,1,mechanism,polyglot opcode union,"8 combinator opcodes (K,S,I,B,C,Y + composition, fixed-point) + 8 register opcodes (INC,DEC,RIGHT,LEFT,PRINT,READ,LOOP,END) + 6 array opcodes (IOTA,RHO,ADD,MUL,RED,SCAN,OUT,TAKE,DROP,TRANS) = 22 opcodes, 'All mapping to the 8 Quilt primitives. All substrate-agnostic.'",Unlambda / Brainfuck / APL programs,cell graphs over one opcode union,gamma + eta = 1 conserved in all three embeddings,conservation,a language whose embedding breaks the conservation accounting,yes,essays/essay-208-the-polyglot.md lines 19-28
quilt-upstream,meta,quilt-upstream-P11,1,mechanism,Hodge decomposition of the learning signal,"Model the signal as a 1-form omega on the cell graph; discrete exterior derivative d and codifferential delta yield omega = d(alpha) + delta(beta) + h — exploration, instruction, priors — with squared-norm ratios summing to 1 and a dominant-mode diagnosis; implemented via CellGraph/Signal1Form/HodgeDecomposer in qspace.py.",edge-weight deltas of the cell graph,three orthogonal components + three ratios,R_exp + R_expt + R_prior = 1 by construction,conservation,correlated (non-orthogonal) components double-counting a learning source,yes,"essays/paper-50-hodge-agents.md sections 4-6, 9"
quilt-upstream,meta,quilt-upstream-P12,2,policy,Fifth Impossibility (observer effect),"Measuring the signal omega injects an instructional term delta(beta)_obs into the next period's signal (omega' = omega + delta(beta)_obs), so the 'true' pre-observation ratios are unknowable — formalizing that perfectly non-invasive telemetry of a learning agent is impossible.",any observation of a learning agent,contaminated post-observation ratios,pre-observation ratios are declared unknowable in principle,postcondition,claiming clean telemetry of a learning system,yes,essays/paper-50-hodge-agents.md section 8 (proof sketch steps 1-4)
quilt-upstream,meta,quilt-upstream-P13,1,mechanism,notebook-to-quilt isomorphism,"Page=cell (bounded context with local state), page graph=cell graph, four cognitive ops map to Z_in (capture/register), Z_out (synthesize/express), JEPA (cross-page prediction, analogy validation), DoubleEntry (non-contradiction forcing reconciliation); each cognitive event is a kernel tick.",notebook pages + links,a Quilt instance with an emergent Q-space agent,,,treating the mapping as loose analogy (the paper insists: 'not a metaphor but a specification'),yes,essays/paper-51-a2a-notebook.md sections 1-2
quilt-upstream,meta,quilt-upstream-P14,1,mechanism,API iterator pattern family,Loop { call(API); integrate; assess } closed under iteration; recursive form spawns sub-iterators (hierarchical planning); Council runs 6 parallel lenses; Bootstrap embeds the loop in a goal-directed FSM; Autoexpand spawns iterators for work discovered mid-integration.,"external computational resources (LLMs, DBs, services)",iteratively refined agent state,,,unclosed loops (assess skipped) turning growth into drift,yes,essays/paper-52-api-iterator.md sections 1-5
quilt-upstream,meta,quilt-upstream-P15,1,mechanism,CNS + Fascia split,"CNS: discrete, per-cell, 8 primitives. Fascia: continuous, inter-cell gradients — FasciaJEPA (cells subscribe to each other's predictions, a predictive field) and FasciaDoubleEntry (continuous gamma trades, a resource economy); voltmeter/walkie-talkie analogy separates the modalities.",cell states + gradients,precision (CNS) + ambient coordination (Fascia),,,conflating discrete messaging with gradient sensing in one channel,yes,essays/paper-53-two-nervous.md sections 3-4
quilt-upstream,meta,quilt-upstream-P16,2,policy,specialization impossibility,Proof by contradiction: a unified system prioritizing discrete signals becomes brittle at scale; prioritizing continuous signals loses precision; therefore no single nervous system achieves precision + scalability + adaptability — the duality resolves it by specialization.,assumed unified system U,necessity of the two-system architecture,no unified system claim may assert all three properties,invariant,architecture claims ignoring the trade-off,yes,essays/paper-53-two-nervous.md section 5 (5th impossibility proof)
quilt-upstream,meta,quilt-upstream-P17,4,evidence,release v0.2.0 receipts,"2026-08-18: engine hardening (sensor `default` field seeds values at load; defineCell reads YAML value/default), 15 tests passing, 10 working examples (weather-monitor, chat-router, ab-test-router with FNV-1a split, iot-dashboard, ...).",engine + examples,production-grade release notes,,,examples that demo but do not run,yes,"RELEASE-v0.2.0.md ('9 core engine tests + 6 new example tests = 15 tests pass', 10 examples listed)"
quilt-upstream,meta,quilt-upstream-P18,1,mechanism,federation release v0.5.0,"8 SDK primitives; new resolveCell(uri, transport), subscribeCell(uri, transport, cb), CellRouter; parseCellRef for quilt://[instance]/[sheet]#[cell] incl. wildcard and fleet-wide forms; Local/Http transports; detectTier() for esp32/jetson/codespace/cloudflare/server/browser; 33 new tests (61 total); 3-tier Codespaces template.",multi-instance quilts,cross-instance addressing + subscription,,,the siloed runtime ('the end of the siloed runtime' is the release subtitle),yes,"RELEASE-v0.5.0.md (primitive table, URI scheme examples, test counts)"
quilt-upstream,meta,quilt-upstream-P19,1,mechanism,federated store + MQTT release v0.6.0,"FederatedArtifactStore: content-addressed, hot(memory <1ms, 64MB LRU) -> warm(filesystem <10ms) -> cold(R2 ~100ms), best-effort R2, hotStats(); MqttCellTransport: MQTT 5.0, retained messages replay on reconnect, dead instances detected <1s; 79/79 tests (18 new), SHIPPED 2026-08-19.",artifacts + cell events,cross-tier cache hierarchy + IoT pub/sub,R2 failures are best-effort — puts must not break when cold tier is down,postcondition,a cold-tier outage corrupting local persistence,yes,"RELEASE-v0.6.0.md (tier table, 'failures are best-effort (don't break puts)', test count)"
quilt-upstream,meta,quilt-upstream-P20,2,policy,coordination protocol with Lucineer,"'The watch proposes. The Lucineer routes. The Captain coordinates. The work moves.' — 5 bets (room-as-cell Tap, elephant d_mu as Vibe, crab-traps wire contract, schema-driven RAG corpus, fleet-radio ambient voice), 6 handoffs (H1-H6 incl. schema-as-source-of-truth, kernel, lifecycle orchestrator), hermes bridge answered with a Python companion, and lane discipline: the watch never pushes code to lanes that are not its own.",the two fleets' positions,a division of labor with named bridges,no code pushed to another lane's repos; issues with [SYNERGY] label are the channel,admission,lane violations eroding the federation,yes,"COORDINATION_WITH_LUCINEER.md (opening protocol paragraph, bets 1-5, H1-H6, 'The watch doesn't push code to quilt repos that aren't its lane')"
quilt-upstream,meta,quilt-upstream-P21,4,evidence,unfiled SYNERGY issue stubs,"synergy-issues/SYNERGY-1.md through SYNERGY-8.md are eight byte-identical stubs — 'to be posted to https://github.com/SuperInstance/quilt/issues', body deferring entirely to COORDINATION_WITH_LUCINEER.md ('bet / handoff #6') — the coordination scaffold exists in the repo but was never actually filed on the tracker.",coordination letter,8 stub issue files,a SYNERGY issue only counts once actually posted to the tracker,seal,"coordination that lives only in a letter — no public thread, no notification, no tracking (the current state of all 8)",yes,"synergy-issues/SYNERGY-1.md ... SYNERGY-8.md (all identical, verified by this lane reading all 8 heads)"
quilt-upstream,meta,quilt-upstream-P22,4,evidence,ten-architecture mapping table,"One table maps MPNN, Hopfield, Transformers/attention, MoE, Capsules, Mamba/SSM, Diffusion, Neural ODEs, Predictive coding, and Neural CAs onto quilt analogues (listener=boolean attention head, router=MoE gate, sheet tick=reverse diffusion step, etc.) — the meta-architecture claim made checkable row by row.",10 published architectures,per-architecture quilt analogue,,,hand-wavy 'it's all message passing' without the row-by-row mapping,yes,NEURAL-CELLS-RESEARCH.md '10 architectures mapped to Quilt' + synthesis table
quilt-upstream,meta,quilt-upstream-P23,4,evidence,filename/content drift in the essay corpus,"The file essays/essay-26-the-living-spreadsheet.md opens 'Essay 206: The Spreadsheet That Thinks' — filenames and essay numbers disagree (also: paper-50/51/52/53 live under essays/ while a parallel papers/ tree holds other papers, some duplicated). Citations by filename can misattribute content.",essay corpus,"attribution hazard, receipted",,,citing 'essay-26' and receiving essay 206; duplicated paper trees drifting apart,yes,essays/essay-26-the-living-spreadsheet.md line 1 vs its own filename; essays/paper-5x-*.md coexisting with papers/paper-5x-*.md (both trees listed in the repo)
quilt-upstream,meta,quilt-upstream-P24,0,substrate,nine cell-kind modules,"packages/core/src/cells/ holds exactly nine modules — value, sensor, formula, listener, api, program, router, io, ai — the TypeScript core's type taxonomy of what a cell can be; the same nine appear as the cell kinds in the fleet's decomposition sheets.",cell semantics,the nine-kind type system,,,ad-hoc cell kinds outside the nine breaking portability,yes,"packages/core/src/cells/ directory listing (value.ts, sensor.ts, formula.ts, listener.ts, api.ts, program.ts, router.ts, io.ts, ai.ts)"
breakthrough-prospector,meta,breakthrough-prospector-P01,0,substrate,scout log substrate,"Raw claims as blocks: Source (URL/owner+repo+path/commit), Claim (one falsifiable sentence), Evidence (what the source shows), Honesty tag, Abstraction fit, Fleet resonance, Suggested experiment.","papers, repos, trending systems",dated claim blocks in sources/scout-log.md,"no URL/commit, no claim",precondition,uncited claims entering the registry,yes,breakthrough-prospector/protocols/scout-protocol.md claim format + rule 1; sources/scout-log.md
breakthrough-prospector,meta,breakthrough-prospector-P02,0,substrate,abstraction card substrate,"Numbered cards (C01 frozen-driver ceiling ~2.5 meta-levels, C02 harness-over-weights, ...) each with statement, cited instances, what it explains, our-fleet instance, the gap, the experiment hook; cards are living documents updated by receipts.",deduped claims,abstractions/registry.md cards,,,a card without a cited instance is speculation (the repo's own one-rule),yes,breakthrough-prospector/abstractions/registry.md header + C01/C02 as read
breakthrough-prospector,meta,breakthrough-prospector-P03,1,mechanism,distill and dedup move,"Before filing, check whether an existing card covers the mechanism; add the instance to the card instead of opening a parallel claim — memory grows by accretion, not duplication.",new claim,new card OR instance appended to existing card,,,parallel claims for one mechanism fragmenting the registry,yes,"breakthrough-prospector/protocols/scout-protocol.md rule 4 'Feed cards, don't duplicate them'"
breakthrough-prospector,meta,breakthrough-prospector-P04,2,policy,scout discipline rules,Cite or it didn't happen; tag the honesty; one claim per block; smallest-build bias (name the cheapest settling experiment or the claim isn't ready); report by minute 25 even if incomplete; scouts never push — output lands via PR.,scout session,protocol-compliant claim blocks,scout reports what it verified by minute 25 even if incomplete,budget,"endless audits that never report, or scouts committing to fleet repos",yes,breakthrough-prospector/protocols/scout-protocol.md rules 1-7
breakthrough-prospector,meta,breakthrough-prospector-P05,1,mechanism,B = V x F x S scorer,tools/score.py computes the table from a single embedded source-of-truth and enforces scoring.md's anti-gaming rules as printed warnings; scores live in the registry's experiment tables and hand-edited scores must carry a why line.,"EXPERIMENTS table (id, name, cards, V, F, S, verified_citations, needs_casey, metric_measured, why)","ranked table with B, gate column, warnings",,,hand-edited scores without a why line,yes,breakthrough-prospector/tools/score.py header + this lane's live run output
breakthrough-prospector,meta,breakthrough-prospector-P06,2,policy,candidate run gate,Run an experiment only when B >= 40 AND F >= 3 AND the claim carries >= 1 VERIFIED citation; B >= 60 enters the snowball queue top; 40-59 queued; < 40 stays in the scout log.,scored experiment,RUN / wait / log triage,B >= 40 AND F >= 3 AND >= 1 VERIFIED citation,admission,running hearsay-backed or low-feasibility experiments,yes,breakthrough-prospector/README.md pipeline step 3; scoring.md 'Gate' section
breakthrough-prospector,meta,breakthrough-prospector-P07,2,policy,anti-gaming caps,S capped at 3 when the only instances are one lab or one arxiv week (clustering is not consensus); V discounted x0.5 when the metric has no current measurement; F capped at 2 if Casey must do something first; every cap emitted as a visible warning.,raw V/F/S inputs,capped scores + warnings,"caps applied deterministically by the scorer, visible in output",invariant,hype-inflated S or unmeasurable V passing the gate,yes,"breakthrough-prospector/scoring.md 'Anti-gaming notes'; live run warnings '! F cap: external dependency (Casey)', '! V x0.5: target metric has no current measurement'"
breakthrough-prospector,meta,breakthrough-prospector-P08,1,mechanism,sealed pre-registration,"registration.json + registration.md sealed pre-draw at a named commit (e6-slice-2: commit e3f003f, pushed BEFORE any external call) with the runner of record fixed by sha256; the interpretation is written before the run.",experiment hypothesis + metric,sealed registration + runner hash,registration sealed and pushed before any external call / draw,seal,post-hoc interpretation laundering (the repo's named sin),yes,breakthrough-prospector/experiments/e6-slice-2/verdict.md header; registration.json + registration.md present in both slice dirs
breakthrough-prospector,meta,breakthrough-prospector-P09,1,mechanism,receipted quantum arm draw,"Arms are drawn from a rationed quantum-random channel with a seal receipt (qrng-seal.json, qrng-seal-raw.json), an attempts ledger (qrng-attempts.jsonl), and a channel-health probe receipt documenting a RECOVERED channel — the draw itself is evidence.",sealed registration,drawn arm order + channel receipts,draw attempts and channel health are receipted per attempt,budget,unlogged draw retries enabling cherry-picking,yes,"breakthrough-prospector/experiments/e6-slice-2/receipts/qrng-seal.json, qrng-attempts.jsonl, channel-health-probe-w63.json + provenance.md"
breakthrough-prospector,meta,breakthrough-prospector-P10,1,mechanism,deterministic decide + replay check,"decide.json is produced by a deterministic local replay and decide --check reproduces it byte-identically modulo timestamp, with determinism.json recording TRUE — the measurement can be re-run, not just trusted.",receipt bundle,decide.json + decide-check.json + determinism.json,decide --check must be byte-identical modulo timestamp,invariant,non-reproducible verdicts (unauditable decisions),yes,"breakthrough-prospector/experiments/e6-slice-2/receipts/{decide.json, decide-check.json, determinism.json}; verdict.md 'decide --check byte-identical modulo timestamp, determinism receipt TRUE'"
breakthrough-prospector,meta,breakthrough-prospector-P11,4,evidence,per-slice receipt bundle,"Each experiment directory carries baseline.json, decide.json, decide-check.json, determinism.json, witness.json, usage.jsonl, health-gate.json, qrng receipts, registration.md/json, arms.json, verdict.md — the run is its own archive.",run artifacts,complete receipt directory,,,verdicts without the receipts that produced them,yes,breakthrough-prospector/experiments/e6-slice-1/receipts/ and e6-slice-2/receipts/ (14 files listed in both)
breakthrough-prospector,meta,breakthrough-prospector-P12,4,evidence,verdict of record with sealed threshold,"The verdict states FAIL with verbatim numbers: baseline M=7.07407..., best arm A5 +1.0471% vs gate M >= 7.42777... (= 1.05 x baseline) AND totalF >= 15; every measured arm kept totalF exactly 15; no threshold surgery; 5 frozen-unmeasured arms stay frozen and never peeked.",measured arms vs sealed gate,verdict.md FAIL/FAIL/FAIL-of-record,threshold fixed at registration; measured-but-failed arms published verbatim,seal,moving the threshold after seeing the numbers,yes,breakthrough-prospector/experiments/e6-slice-2/verdict.md 'Verdict of record' + arm table
breakthrough-prospector,meta,breakthrough-prospector-P13,2,policy,honest-negative filing rule,"An honest negative is filed in the owning repo's FINDINGS.md and said so — doctrine inherited: honest negatives, collapse receipts, 3-root replication, never overclaim the ladder.",FAIL verdict,"public finding, not a quiet burial",,,deleting failed runs (the anti-pattern this rule exists to kill),yes,"breakthrough-prospector/README.md doctrine line + step 6 'Honest negative? File it...'; verdict.md 'An honest negative is a finding, not a gain.'"
breakthrough-prospector,meta,breakthrough-prospector-P14,2,policy,ladder-claim rule,State the RSI ladder position honestly (card C12): most systems are L0; L1 requires a held-out gate saying so — a ladder claim without a held-out gate is marketing.,system self-assessment,stated ladder position,an L1 claim requires a held-out gate receipt,admission,RSI-position inflation,yes,breakthrough-prospector/README.md pipeline step 7; abstractions/registry.md C12 reference; DELTAS.md D5 'Ladder positions in README'
breakthrough-prospector,meta,breakthrough-prospector-P15,3,interface,DELTAS per-repo delta ledger,"Account-wide self-improvement deltas applying registry mechanisms (Weco/AIDE^2 + frontier abstractions) to each repo: mechanism -> concrete change -> owning repo -> first build size, prioritized P0/P1/P2.",registry cards + fleet repo map,"DELTAS.md (e.g. D1 bug-injection self-play [P0] 'one evening, stdlib only')",,,deltas with no owning repo or no named first build,yes,breakthrough-prospector/DELTAS.md header + MicroMoth-quilt section (D1-D5 as read)
breakthrough-prospector,meta,breakthrough-prospector-P16,3,interface,snowball queue handoff,queue/snowball.md defines how scored claims enter the account snowball queue — the interface between prospecting and the lanes that will run the work.,gate-passing scores,"queued, prioritized experiments for lanes",,,scored claims rotting in the registry with no route to a lane,yes,breakthrough-prospector/queue/snowball.md; README.md 'What lives where' table
craftmind-study,meta,craftmind-study-P01,0,substrate,heritable DNA blueprints,"Each bot is a JSON DNA: species traits, personality, taskWeights (0.7-1.0 for preferred tasks), learningRate (0.1-0.3), mutationRate (0.1-0.25), per-task confidence map, generation and parentIds — eight species with distinct behavioral biases.",species definition + overrides,"a mutable, breedable blueprint",,,hardcoded behavior paths (explicitly rejected: 'no hardcoded paths'),yes,"craftmind-study/craftmind-ranch/src/dna.js createDNA() as read; data/default-dna/ (mooshroom, duck, trufflehog, falcon, shepherd, goat, rooster, stallion)"
craftmind-study,meta,craftmind-study-P02,1,mechanism,breed + mutate on success,"Successful bots breed, combining DNA with small random mutations; fitness is awarded only for verified completed work; populations compete for the jobs you provide.",fitness-verified population,next-generation DNA mix,,,"selection on proxy signals (attempts, appearances) instead of completions",yes,"craftmind-study/craftmind-ranch/src/evolution-engine.js (module present, parse-checked); README 'Successful bots breed, combining their DNA with small random mutations'"
craftmind-study,meta,craftmind-study-P03,2,policy,no-proxy-reward rule,"Fitness is awarded solely for completing a task, not for attempting it — the study's sharpest policy: the only currency is verified work.",task submission,fitness credit only on verified completion,attempts award zero fitness,admission,reward hacking via task spam,yes,craftmind-study/craftmind-ranch/README.md 'What Makes This Different' item 1
craftmind-study,meta,craftmind-study-P04,1,mechanism,task-confidence permanent boost,A bot permanently improves its speed at a task by ~8% each time it succeeds — confidence accumulates per taskId inside the DNA (confidence: taskId -> 0..1).,completed task,permanent speed increment on that task,,,unbounded compounding turning repetition into invincibility,yes,craftmind-ranch/README.md 'A bot permanently improves its speed at a task by 8% each time it succeeds'; dna.js confidence field
craftmind-study,meta,craftmind-study-P05,2,policy,soft population caps,Soft caps keep turnover in the population — space is made for new genomes rather than a frozen elite.,population size,"bounded, turning-over population","population stays under the soft cap, oldest/weakest make room",budget,elite stagnation freezing evolution,yes,craftmind-ranch/README.md 'Key Features' item 'Soft population caps to encourage turnover'
craftmind-study,meta,craftmind-study-P06,0,substrate,empty knowledge graph substrate,"The researcher starts with no game knowledge: knowledge/ holds initial-facts.json, citations.json, building-techniques.json, meta-learner-state.json — a graph that grows only from its own experiments.",empty/seeded fact graph,growing cited knowledge base,,,"pre-programmed rulebooks (explicitly rejected: 'Most Minecraft agents operate from a complete, pre-programmed rulebook')",yes,craftmind-study/craftmind-researcher/knowledge/*.json; src/knowledge-base.js
craftmind-study,meta,craftmind-study-P07,1,mechanism,gap -> single-variable experiment,"The loop: identify gaps or contradictions in the graph, design a controlled experiment that changes only one variable at a time, run it, analyze for statistical consistency.",knowledge graph with gaps,one-variable A/B experiment + result,,,multi-variable confounds entering as 'facts',yes,"craftmind-researcher/README.md 'How It Works' (identifies gaps, 'controlled experiments that change only one variable at a time')"
craftmind-study,meta,craftmind-study-P08,2,policy,reproducibility-before-fact rule,"Results must be reproducible before a conclusion enters the knowledge base, and every learned fact logs citations to its source experiment data.",experimental result,cited fact or discarded claim,a fact enters the KB only with reproducible results + experiment citation,postcondition,one-off anomalies hardening into 'knowledge',yes,craftmind-researcher/README.md 'Requires reproducible results before accepting a finding. Logs every learned fact with citations'
craftmind-study,meta,craftmind-study-P09,1,mechanism,multi-agent research chain,"The researcher is organized as specialist agents: discovery-agent, critic-agent, distiller-agent, teacher-agent, peer-review-system, hypothesis-tracker, experiment-validator, literature-review — peer review as code.",candidate findings,"critiqued, distilled, taught knowledge",,,a single agent grading its own homework,yes,"craftmind-researcher/src/ file listing (critic-agent.js, peer-review-system.js, hypothesis-tracker.js, experiment-validator.js, meta-learner.js)"
craftmind-study,meta,craftmind-study-P10,0,substrate,boids flock + personality matrix,"Sheep run a tuned boids algorithm (panic, tire, cluster); each dog has a six-axis personality (Speed, Patience, Obedience, Social, Bravery, Gentleness); weather affects visibility and movement; five standard courses.","flock state, dog DNA, weather",a living herding scenario,,,scripted sheep (no emergent difficulty),yes,"craftmind-herding/README.md 'Personality Matrix' + 'Flock Simulation' + 'Environmental Effects'; src/flock-simulation.js, src/dog-personalities.js"
craftmind-study,meta,craftmind-study-P11,1,mechanism,correction-driven tier ascent,"You never give commands — you correct behavior from the fence line; agents learn only from interactions and outcomes during their own runtime, crossing five skill tiers (Apprentice to Elder) with small permanent stat adjustments.",handler corrections + outcomes,tier promotions with permanent stat deltas,,,pre-trained models or uploaded datasets (explicitly: 'No Pre-Trained Models'),yes,"craftmind-herding/README.md intro + 'Incremental Learning'; src/teachings.js, src/seasons.js"
craftmind-study,meta,craftmind-study-P12,2,policy,emergent-only teamwork rule,"Dogs coordinate solely through movement and positioning; no explicit communication is programmed — teamwork must appear, not be declared.",multiple dogs' movements,emergent cooperative herding,no explicit inter-dog messaging channel,invariant,smuggling in a comms channel would void the emergence claim,yes,craftmind-herding/README.md 'Emergent Teamwork: Dogs coordinate solely through movement and positioning; no explicit communication is programmed'
craftmind-study,meta,craftmind-study-P13,2,policy,fork-first lineage isolation,Development is fork-first across all three repos: every fork is a separate evolutionary lineage with its own Worker deployment; no two ranches produce identical bots; contributions return via PR.,a fork,an independent lineage,,,shared training state leaking between forks,yes,craftmind-ranch/README.md 'What Makes This Different' item 3 + 'Contributing' ('Development is fork-first'); same pattern stated in researcher and herding READMEs
craftmind-study,meta,craftmind-study-P14,2,policy,published budget ceilings,"Constraints are published as design forces: the herding reasoning loop must finish in <10ms Worker CPU (8-10 agents max practical), and ranch evolution stalls without task completions — the study records limits as features.","Worker CPU limits, task flow",cognition shaped to the budget,agent reasoning loop completes in <10ms CPU,budget,hiding the ceiling until users hit it,yes,craftmind-herding/README.md 'Limitations' ('under 10ms of CPU time... 8-10 agents'); craftmind-ranch/README.md 'One Specific Limitation'
craftmind-study,meta,craftmind-study-P15,3,interface,watchable live instances,"Each sibling runs as a public live instance (the-fleet.casey-digennaro.workers.dev/ranch) with scripts/playtest.js — 'You watch evolution do farm work', 'watch populations evolve, export generation data, or fork your own ranch in about two minutes': the interface is observation itself.",deployed Worker,a session a human can watch and steer,,,an evolution story nobody can watch run,yes,craftmind-ranch/README.md live-instance link + 'Live instance' framing; scripts/playtest.js present in all three siblings
craftmind-study,meta,craftmind-study-P16,4,evidence,test trios + roadmap receipts,"Each sibling ships a test trio (test-all.js, test-ai.js, integration.test.js) and a ROADMAP.md — the study's repos carry their own verification and declared future, even as zero-dependency Workers.",repo code,per-sibling test suites + roadmaps,,,emergence claims with no runnable verification,yes,"craftmind-ranch/tests/ (test-all.js, test-ai.js, integration.test.js) + ROADMAP.md; same trio present in craftmind-researcher/ and craftmind-herding/"
quilt-atlas,meta,quilt-atlas-P01,0,substrate,atlas.json as the standing receipt,"One generated JSON holding generated_at_utc, total_repos, pages_fetched, pagination_cap, pagination_cap_hit, families, families_by_stage, family_members, classification, top_motion, notes — the whole map in one auditable file.",GitHub API inventory run,atlas.json,,,hand-edits would break the receipt chain between runs,yes,quilt-atlas/atlas.json (keys verified by this lane via node require)
quilt-atlas,meta,quilt-atlas-P02,0,substrate,marker-bounded generated block,The README carries a generated block between ATLAS:BEGIN/ATLAS:END markers — 'do not hand-edit inside markers' — so prose and generated truth stay separable.,atlas.json,"README block with counts, families, top-motion table",,,hand-edited generated regions silently drifting from atlas.json,yes,quilt-atlas/README.md lines 35-70 (markers present in the file as seen)
quilt-atlas,meta,quilt-atlas-P03,1,mechanism,6h re-inventory loop,One scheduled workflow (atlas.yml) re-inventories every repo every 6 hours and commits the diff — the map only grows truer; nothing is deleted.,the account's repo list,"fresh atlas.json + README block, committed as diff",,,a stale map presented as current,yes,quilt-atlas/README.md intro + 'Or let the schedule do it: atlas.yml runs every 6h and on demand'
quilt-atlas,meta,quilt-atlas-P04,1,mechanism,Link-header pagination with hard cap,"Pagination follows API Link headers (rel=next) until the account is exhausted, bounded by a 120-page hard safety cap; pages_fetched, pagination_cap and pagination_cap_hit are receipted in atlas.json.",paginated GitHub API,complete-or-bounded inventory with cap flags,hard cap 120 pages; a cap hit must set pagination_cap_hit=true rather than truncate silently,budget,a bounded run masquerading as a full inventory (the pre-v3 40-page pin at 4000),yes,quilt-atlas/README.md v3 paragraph; atlas.json notes ('bounded by a hard safety cap of 120 pages (12000 repos)')
quilt-atlas,meta,quilt-atlas-P05,2,policy,name-then-description classifier,"A repo whose name matches nothing gets a second chance via its description — case-insensitive substring scoring against a small synonym table per family, highest score wins, ties broken by family precedence; still imperfect on purpose.",repo name + description,family assignment,,,"generic words (agent, lane, receipt, canon, seeds) hoovering unrelated repos — the exact suspicion the audits tested",yes,quilt-atlas/README.md 'Families (v2: name-first...)' paragraph
quilt-atlas,meta,quilt-atlas-P06,4,evidence,per-repo classification evidence,"Every repo records [family, stage in {name,description,none}, matched keywords '|' joined, language] in atlas.json -> classification — every assignment is auditable.",classifier decision,per-repo evidence row,no family assignment without its evidence row,invariant,unexplainable assignments (the v1 failure mode),yes,"quilt-atlas/README.md v2 evidence rule; atlas.json notes 'audit the map, do not trust it blind'"
quilt-atlas,meta,quilt-atlas-P07,2,policy,CI probed on the moving frontier only,"CI coverage is measured only on the top-motion slice (API economy); absence of a CI row anywhere else is UNMEASURED, never zero.",top-24 most recently pushed repos,workflow-name column for that slice,"absence of measurement must render as UNMEASURED, not 0",invariant,reporting 'no CI' for repos never probed,yes,"quilt-atlas/README.md honesty laws; atlas.json notes ('absence elsewhere is UNMEASURED, not zero')"
quilt-atlas,meta,quilt-atlas-P08,4,evidence,fleet keyword audit (54-c),"A deterministic 30-repo sample of the description-stage fleet population (then 1153) read by hand: 25/30 genuinely fleet (83% strict, 27/30 with defensible borderlines) — above the 70% bar, synonym table kept; misses receipted by name (lau-compilers 'agent DSL' tail-match, superinstance-embedder verb-matched 'Seeds').",30-repo deterministic sample,keep/kill decision + named misses,precision bar 70% must be met to keep the synonym table,admission,hiding sample misses to defend the classifier,yes,"quilt-atlas/README.md 'Fleet keyword audit (54-c)' paragraph; atlas.json notes (keyword surface agent=844, fleet=425, crab=9, lane=6, receipt=6, seeds=2)"
quilt-atlas,meta,quilt-atlas-P09,4,evidence,qthe keyword audit + canon census (55-c),"The queued finding audited: 26/30 genuinely qthe (87% strict, 93% with two receipted tie-zone borderlines); the 'canonical'-adjective suspicion confirmed but bounded — full census of all 25 canon-surface repos found 9 adjective collisions vs 16 genuine noun usages, a residual of ~2% priced rather than fixed.",30-repo sample + full 25-repo canon census,keep decision + priced residual + tie-zone examples (strategy-ecology),"family precision >= 70% bar; residual below that is priced, not reclassified",admission,unforced reclassification churn violating the stability rule,yes,quilt-atlas/README.md 'qthe keyword audit (55-c)' paragraph; atlas.json notes item 6
quilt-atlas,meta,quilt-atlas-P10,3,interface,top-motion table as the aliveness interface,"The README's table of the 24 most recently pushed repos with their workflow names and last-push UTC timestamps — the stranger's answer to 'is it alive', with a pointer that missing rows are below the motion cut.",top-motion slice + CI probe,README table,,,"reading the table as the full inventory (it is a cut, and says so)",yes,quilt-atlas/README.md '### Top motion (24 most recently pushed)' table; 'Missing rows in the table are below the motion cut'
quilt-atlas,meta,quilt-atlas-P11,4,evidence,true-count generated statement,"The generated block states the true count — 4856 repos (49 pages, Link-follow cap 120) — instead of pinning at 4000, with the generation timestamp beside it.",completed pagination,count + pages + timestamp line,,,a pinned stale count (the v2 cap artifact),yes,"quilt-atlas/README.md generated block line '**4856 repos** (49 pages, Link-follow cap 120) ... generated 2026-09-29T12:52:35.737Z'"
quilt-atlas,meta,quilt-atlas-P12,2,policy,honest residue + stability rule,"'other' is honest residue, not failure; families are imperfect on purpose and the stability rule forbids unforced reclassification — precision bars are met or the residual is priced in writing.","unclassifiable repos, priced residuals",a classifier that changes only under evidence,no reclassification without an audit forcing it,invariant,churning families on anecdote,yes,"quilt-atlas/README.md families list ('other — honest residue, not failure') + honesty laws; atlas.json notes ('stability rule forbids unforced reclassification')"
quilt-codespace,meta,quilt-codespace-P01,0,substrate,devcontainer template substrate,"A GitHub template repo whose .devcontainer post-create.sh auto-installs deps, starts the three services and prints URLs — the runtime begins at fork time.",'Use this template' + 'Open in Codespace',a booted 3-service Codespace in 2-3 minutes,,,a post-create that fails silently leaves a dead runtime with no token printed,yes,quilt-codespace/README.md Quick start + Scripts section (.devcontainer/post-create.sh)
quilt-codespace,meta,quilt-codespace-P02,0,substrate,in-process engine with fallback,scripts/quilt-http-server.js imports @quilt/core when present and otherwise warns and uses a minimal in-memory implementation — the API surface survives without the real engine.,@quilt/core (optional),QuiltEngine + parseSheet (real or fallback),,,fallback semantics diverging from core semantics without saying so (the WARN is the honest seam),yes,quilt-codespace/scripts/quilt-http-server.js header comment + try/catch dynamic import
quilt-codespace,meta,quilt-codespace-P03,3,interface,three-service port layout,"TUI (ttyd) :7681, HTTP API :4096, Dashboard :8080 — fixed ports with fixed jobs, all fed by the same engine.",one Quilt engine,three concurrent doors,,,port drift breaking the printed-URL contract,yes,quilt-codespace/README.md ASCII diagram + 'What ships' table
quilt-codespace,meta,quilt-codespace-P04,1,mechanism,cell-grained HTTP API,"GET/PUT /cells/:instance/:sheet/:cellPath, GET .../events (SSE stream of changes), POST /evaluate (force re-evaluation), GET /health, GET /meta (tier + capabilities).",HTTP requests with bearer token,"cell values, event streams, health, tier metadata",,,coarse whole-sheet endpoints would leak state and prevent cell-level federation,yes,quilt-codespace/scripts/quilt-http-server.js route documentation block (lines 1-19)
quilt-codespace,meta,quilt-codespace-P05,2,policy,bearer-token gate,Every request carries Authorization: Bearer $QUILT_TOKEN; the post-create script prints the token once for the operator to save.,HTTP request,authorized or rejected,missing/incorrect bearer token rejects the route,admission,an open runtime on a public githubpreview.dev URL,yes,quilt-codespace/README.md curl examples; quilt-http-server.js 'Token-authenticated via Authorization: Bearer <QUILT_TOKEN>'
quilt-codespace,meta,quilt-codespace-P06,3,interface,browser TUI (ttyd),"A terminal in the browser running `quilt serve` — the operator's door, zero local install.",quilt serve process,interactive TUI at :7681,,,a headless runtime nobody can watch,yes,quilt-codespace/README.md 'What ships' table row TUI (ttyd)
quilt-codespace,meta,quilt-codespace-P07,3,interface,federation dashboard,A static landing page at :8080 showing the federation view — which siblings exist and what this instance subscribes to.,instance + subscription config,human-readable federation view,,,a dashboard describing subscriptions that are not actually live,yes,quilt-codespace/README.md 'What ships' table row Dashboard
quilt-codespace,meta,quilt-codespace-P08,1,mechanism,fed-autopilot three-tier stack,"examples/fed-autopilot/cell.yaml wires a 3-tier boat: ESP32 (sensors rudder/compass, motor actuators, local PID), Jetson (vision obstacles/wind, local LLM), Codespace (anomaly score, tuning, audit).",cell.yaml tier declarations,one control loop spanning three hardware tiers,,,tight-loop control depending on the slow brain tier,yes,quilt-codespace/README.md 'The fed-autopilot example' tier table
quilt-codespace,meta,quilt-codespace-P09,2,policy,subscribe-down / push-up role split,"The brain tier subscribes to sensor/perception cells (rudder, compass, wind, obstacles) and pushes back only tunables (algo.pid_kp) and audit records (autopilot.last_decision) — it advises, it never steers the tight loop.",subscribed sibling cell events,PID tunable writes + audit trail writes,"the codespace may write only tunables and audit rows, never actuator cells",precondition,cloud latency steering a rudder,yes,quilt-codespace/README.md 'The codespace subscribes to... And pushes back...'
quilt-codespace,meta,quilt-codespace-P10,1,mechanism,federation URI scheme,"quilt://[instance-id]/[sheet-id]#[cell-path] with wildcard and fleet-wide forms (quilt://*[/]/prod#x, quilt://esp32-fleet/+#rudder.angle) — addressing is a string, transport is pluggable.",cell reference strings,"resolvable, subscribable handles",,,ambiguous instance/sheet/cell parsing across tiers,yes,"quilt-codespace/README.md Federation section (cites @quilt/sdk resolveCell/subscribeCell, federation landing page)"
quilt-codespace,meta,quilt-codespace-P11,2,policy,ephemerality disclosure + exits,"The template states that ~/.quilt/state is lost at Codespace shutdown, and names the exits: ~/.quilt-env for the token, seed.json for initial cells, sync to a persistent tier for long-lived state.",Codespace lifecycle,documented persistence strategy,shutdown loses state unless one of the named exits was taken,postcondition,assuming the Codespace is a persistent host,yes,quilt-codespace/README.md 'Persistent state' section
quilt-codespace,meta,quilt-codespace-P12,3,interface,cocapn room -> tier mapping,"A five-row table maps the cocapn 5-tier deployment model (BareRoom -> EdgeRoom -> CodespaceRoom -> SandboxRoom -> Lighthouse) onto quilt tiers with the owning repos, and credits the adapted patterns (agent-workspace-template, codespace-worker, cocapn-runtime).",cocapn room model,quilt tier table with repos,,,reninventing deployment tiers instead of mapping borrowed ones,yes,quilt-codespace/README.md 'Patterns adapted from the ecosystem' + mapping table
quilt-codespace,meta,quilt-codespace-P13,1,mechanism,tier auto-detection,"@quilt/sdk detectTier() returns {tier: 'codespace', instanceId, platform, capabilities: {async, network, llmApi, gpu}, siblings}, overridable via QUILT_TIER / QUILT_INSTANCE_ID env vars.",runtime environment probes,tier identity + capability flags,,,wrong tier guess silently disabling capabilities,yes,quilt-codespace/README.md 'Tier auto-detection' section with the literal JSON shape
quilt-codespace,meta,quilt-codespace-P14,4,evidence,/health + /meta self-report,"The server exposes GET /health and GET /meta (tier + capabilities), and the post-create script prints the three URLs plus the runtime token at boot — the runtime receipts which tier it is and that it is alive, to itself first.",running services,health + tier metadata responses; printed URLs/token at boot,,,a runtime that cannot state its own tier or liveness,yes,"quilt-codespace/scripts/quilt-http-server.js route block ('GET /health | server health', 'GET /meta | tier + capabilities'); README Quick start step 3 ('The terminal shows three URLs and a runtime token. Save the token.')"
si-fleet,meta,si-fleet-P01,0,substrate,monorepo of fleet lanes,"Five subprojects under one repo — tidepool (shared memory), quilt-cloudflare (edge runtime), jev-quilt (Python JEV engine + polyform ports), quilt-ai (AI cells), quilt-agent (agent-as-sheet) — infrastructure and coordination live together.",fleet repos,one HEAD coordinating five lanes,,,divergent copies of the cell model across lanes,yes,"si-fleet/ directory listing (tidepool/, quilt-cloudflare/, jev-quilt/, quilt-ai/, quilt-agent/)"
si-fleet,meta,si-fleet-P02,0,substrate,tidepool dual-index stores,Cloudflare D1 journal for artifacts + two Vectorize indexes: 16-dim 'native' domain fingerprint and 768-dim BGE semantic embedding written at store time.,"POST /api/remember {kind, author, title, body, native?, repo?, run?}",journaled + embedded artifacts recallable by vector or text,,,"an unbound binding (no D1/Vectorize) must degrade honestly, not throw",yes,si-fleet/tidepool/README.md routes table + provision commands
si-fleet,meta,si-fleet-P03,1,mechanism,WRITE at task end,"Distill the task to <=200 words — what was decided, learned, and what gap remains — and POST it fire-and-forget so it never blocks the lane.",finished task,one distilled artifact in the ocean,distillation <= 200 words,budget,unbounded dumping would turn the ocean into a log dump,yes,"si-fleet/tidepool/README.md 'WRITE at task end, fire-and-forget, never blocks'"
si-fleet,meta,si-fleet-P04,1,mechanism,READ at task start,"Recall-prime the top 3 relevant artifacts into context: hybrid semantic recall with an honest text fallback, a recent mode when no query is given, and /api/recall/similar for neighbors of an artifact or a raw native vector.",task context / query q,top-3 artifacts primed into the working context,,,silent semantic-only failure (the text fallback exists because embeddings can be empty),yes,si-fleet/tidepool/README.md routes table 'GET /api/recall?q=...'
si-fleet,meta,si-fleet-P05,2,policy,provenance discipline,"Never secrets; every result carries author and ts; prefer recent; distrust unlabeled — the same rule as memory files, applied to the shared ocean.",any artifact write,artifact with author+ts stamps,a write without author/ts is distrusted by policy,precondition,unlabeled artifacts polluting recall,yes,"si-fleet/tidepool/README.md protocol bullets 'Never secrets', 'Every result carries author and ts'"
si-fleet,meta,si-fleet-P06,2,policy,absence is information,"If recall returns nothing, that emptiness is a finding: write the first stone — the protocol turns empty memory into an obligation to seed it.",empty recall result,the first artifact on that topic,empty recall obligates a first write,postcondition,treating empty recall as 'nothing to see' and moving on,yes,"si-fleet/tidepool/README.md 'Absence is information — if recall returns nothing, write the first stone'"
si-fleet,meta,si-fleet-P07,2,policy,"honest degrade, never 502",Unbound bindings report themselves in /health and in route responses; the service degrades honestly instead of erroring — infrastructure that admits what it lacks.,any request against unbound D1/Vectorize/AI,"self-describing degraded response, health report","the pool must never return 502; degradation is declared, not hidden",invariant,a hard error page would hide which binding is missing,yes,"si-fleet/tidepool/README.md 'Degrade honest, never 502 — unbound bindings report themselves in /health'"
si-fleet,meta,si-fleet-P08,2,policy,privacy-preserving rate limit,45/min/IP sliding window where the IP exists only as an fnv1a fingerprint — the meter works without storing identities.,incoming request stream,admission decisions + 429s inside the window,max 45 requests/min per IP fingerprint,budget,storing raw IPs would violate the never-secrets rule,yes,"si-fleet/tidepool/README.md 'Rate limit: 45/min/IP sliding window, fnv1a(ip) fingerprints only'; smoke check '429s engage inside the window'"
si-fleet,meta,si-fleet-P09,1,mechanism,JEV recall gate,"Optional schema-bounded conscience on the recall path: typed surface/suppress/abstain with confidence, agreement mass sigma = sqrt(c_emb * c_jev) across two local witnesses, TIDEPOOL_JEV_FLOOR (default 0.5) refuses below-floor pairings as typed abstain; deterministic mock without an endpoint.",scored recall row + embedding confidence + JEV verdict,annotated row with typed decision,pairings below the floor refuse as a typed abstain; untyped JEV input fails closed,admission,malformed body / network error must fail closed to typed abstain (tested),yes,si-fleet/tidepool/README.md 'JEV gate (four-model psyche)' section; si-fleet/tidepool/src/jev.mjs
si-fleet,meta,si-fleet-P10,3,interface,quilt at the edge,"quilt-cloudflare: the same cell model and YAML sheets persisted in D1, searchable via Vectorize, cached in KV, fan-out at the edge; /run loads a sheet, /cell/:id reads a cell.",YAML sheet body,a running Quilt engine per Workers deployment,,,edge/state divergence if D1 persistence is skipped,yes,"si-fleet/quilt-cloudflare/README.md 'The same cell model, the same YAML sheets...'; src/worker.ts, src/tide.ts, src/ocean.ts"
si-fleet,meta,si-fleet-P11,3,interface,AI as cell kinds + router,"@quilt/ai: 4 providers (zai, kimi, deepseek, cloudflare), 8 cell kinds, one uniform interface; the mermaid diagram's rule — 'the router spending tokens only when it must' — with budget.over as the router input.",cell calls with provider keys,LLM/embedding/image results as reactive cells,router escalates to expensive providers only when the cheap path or budget says so,budget,indiscriminate premium-model calls burning the budget,yes,si-fleet/quilt-ai/README.md '4 providers. 8 cell kinds. 1 uniform interface.' + mermaid router diagram; src/providers/*.ts
si-fleet,meta,si-fleet-P12,3,interface,agent-as-sheet,"quilt-agent: the agent IS a sheet — memory is value cells, tools are api cells, reasoning is program cells, goals are listener cells, conversation history is a growing value cell, the prompt is a formula over it.","YAML agent sheet (input.task, memory, tool.search, tool.llm, reasoning.prompt...)",an agent whose every capability is an inspectable cell,,,hidden agent state outside cells breaks inspectability,yes,si-fleet/quilt-agent/README.md 'The agent is a sheet...' + examples/research-agent.yaml
si-fleet,meta,si-fleet-P13,2,policy,CANON.md identity headers,"Each lane declares canon front-matter — mission, state, family, vessel, born_from, feeds, owed_by, canonical_docs, ledger, verified date — identity and debts as parseable metadata.",lane self-description,machine-readable coordination contract,,,a lane with no declared feeds/owed_by is uncoordinated by construction,yes,"si-fleet/tidepool/CANON.md (canon: 1, mission, feeds: [quilt-studio, duke-lab], owed_by, verified: 2026-09-22)"
si-fleet,meta,si-fleet-P14,4,evidence,fully mocked offline test wall,"tidepool's 18-check smoke + 13 node tests run with mocked D1/Vectorize/AI and deterministic embeddings — including fail-closed, floor refusal, and gate-off bit-identity checks — green with zero network.",npm test,18+13 passing checks,gate-off responses must remain bit-identical to ungated ones,invariant,an opt-in gate that silently changes default behavior,yes,"si-fleet/tidepool/tests/tidepool.smoke.mjs, tests/jev.test.mjs; this lane's run: 18 passed + 13 pass, 0 fail"
si-fleet,meta,si-fleet-P15,1,mechanism,polyformalism ports,"One primitive (fnv1a) written in python, c, rust, plus polyform Cell in Haskell and bookkeeper in Mercury — the claim 'same semantics in every substrate' made executable.",fnv1a spec,language-identical hashes across 5 substrates,,,substrate-specific drift in the hash basis (the thing crab-traps depends on),yes,"si-fleet/jev-quilt/polyformalism/fnv1a_python.py, fnv1a_c.c, fnv1a_rust.rs, polyform/haskell/Cell.hs, polyform/mercury/bookkeeper.m"
si-fleet,meta,si-fleet-P16,4,evidence,deployability receipts,"Every subproject ships its own deploy path: wrangler.toml bindings, DEPLOY.md steps, a committed dist/ worker bundle, MIT/Apache licenses — 'you can run this' is part of the artifact.",worker source,deploy commands + built bundle,,,docs that promise a deploy the repo cannot perform,yes,si-fleet/tidepool/worker/wrangler.toml; si-fleet/quilt-cloudflare/DEPLOY.md + dist/worker.js; package.json files present in each lane
external-scouts,meta,external-scouts-P01,0,substrate,raw-search-receipt substrate,"Every scout query archives its raw JSON result dump (url, name, snippet, host, rank, date) under scouts/raw/ before any synthesis — the senses keep receipts, so synthesis can be audited against what the search actually returned.",web search results,scouts/raw/*.json,raw receipts are archived before synthesis is written,seal,synthesizing from memory with no auditable receipt of what was seen,yes,jev-garden/scouts/raw/ (5 files); scout report header 'Raw search receipts: scouts/raw/*.json (5 queries...)'
external-scouts,meta,external-scouts-P02,4,evidence,hit-to-garden mapping rows,"The scout report is a table where each external line names exactly what it gives the garden (HDC -> 'THDC justifies training-free prototype growth'; TTT -> 'the garden's weaver = TTA at the system level'; JEPA -> 'Task A IS next-receipt latent prediction') — import with a stated use, never import for prestige.",raw hits,one garden-use row per research line,a hit enters synthesis only with a named 'what it gives the garden',admission,citation theater — collecting papers with no design consequence,yes,jev-garden/scouts/2026-09-28-living-jev-research.md 'What the outside world says' table
external-scouts,meta,external-scouts-P03,1,mechanism,V-JEPA 2 lineage claims,"Human-JEPA 'built from the released V-JEPA 2.1 (Mur-Labadia et al., 2026) by anchored forecasting with two changes and one omission' (arxiv, Aug 2026); LeCun/AMI Labs JEPA with '1.5-6x training efficiency' (zylos.ai); ThinkJEPA latent world models + large VLM reasoning (github, Mar 2026); V-JEPA 2 'dual loss combining diffusion and physics regression' (emergentmind).",search hits,"a live, dated research lineage",,,treating marketing snippets as paper-grade evidence (these are REPORTED-grade hits),yes,jev-garden/scouts/raw/V-JEPA_2_JEPA_world_mode.json ranks 0-3 (snippets as archived)
external-scouts,meta,external-scouts-P04,2,policy,borrowed: mainstream-line confirmation,"What the fleet took: confirmation that predict-in-embedding-space is the world-model mainstream — 'the garden's Task A IS next-receipt latent prediction; quilt-jepa (our repo) is the cell-mesh cousin.' Borrowed as orientation, not origin.",JEPA lineage claims,design justification for Task A + quilt-jepa,,,claiming novelty where the frontier already agrees (or originality where it already converged),yes,jev-garden/scouts/2026-09-28-living-jev-research.md JEPA row
external-scouts,meta,external-scouts-P05,2,policy,unexplored: JEPA at cell tempo,"What remains untouched: no fleet cell predicts in embedding space at cell tempo, and the ensemble/memory-prior hypothesis is unpaid — three honest FAILs say the current soil 'saturates too easily for memory-priors to pay' (P-G2d queued).",current garden capabilities,queued harder-world test (P-G2d),,,declaring parity with V-JEPA without a hard-world test,yes,"jev-garden/scouts/2026-09-28-living-jev-research.md 'Where we are ahead / behind' (three honest FAILs, P-G2d queued)"
external-scouts,meta,external-scouts-P06,1,mechanism,TTT lineage claims,"TTT-E2E 'retrains model... at inference time' via meta-learning ('the model learns how to learn from input provided at inference time', charonhub); Buffer layers: 'a lightweight parallel module that adapts at inference while keeping the backbone frozen' (openreview, cited by 7); 'TTT with KV binding... is commonly interpreted as a form of online meta-learning' (alphaxiv).",search hits,the living-model research line,,,conflating TTT layers with full-model retraining,yes,"jev-garden/scouts/raw/test-time_training_layer.json ranks 1, 2, 4"
external-scouts,meta,external-scouts-P07,2,policy,borrowed: idle-compile as regime,"What the fleet took: TTT/TTA 'legitimizes idle-time compilation as a training regime, not a compromise. The weave artifact = the compiled adaptation' — the garden's watch->deform->observe->idle-compile loop is the system-level analogue of a buffer layer.",TTT claims,justification for the weaver's idle-compile stage,,,apologizing for idle-compile as second-class training,yes,jev-garden/scouts/2026-09-28-living-jev-research.md TTT row + synthesis point 2
external-scouts,meta,external-scouts-P08,2,policy,unexplored: in-forward vs amortized,"What remains untouched: the garden never does gradient steps in the serving path — the untested claim is whether idle-amortized compilation matches in-forward adaptation on the garden's receipt stream, and at what cadence compile should re-run.",weave compile cadence,open amortization question,,,assuming equivalence without a queued experiment,yes,"jev-garden/scouts/2026-09-28-living-jev-research.md TTT row ('same amortization goal' — equivalence asserted, not measured)"
external-scouts,meta,external-scouts-P09,1,mechanism,distillation lineage claims,"Teacher->student at scale: 'Teacher = large model (Qwen3-VL-235B-A22B); Student = small model (Qwen3-VL-2B)' (dev.to); 'Distilling LLM Agent into Small Models with Retrieval' toward on-device small language agents (openreview, cited by 44); knowledge graphs as 'structured, auditable repositories... verification signals' (ssrn).",search hits,the small-validator research line,,,distilling into students with no auditable verification signal,yes,"jev-garden/scouts/raw/knowledge_distillation_L.json ranks 1, 3, 5"
external-scouts,meta,external-scouts-P10,2,policy,borrowed: the escalation organ,"What the fleet took: 'The teacher->student pattern behind the escalation organ: hosted JEV labels escalate; idle compile distills into the local weave. The garden implements the loop with usage receipts (pricing-first)' — local judgment 0.056ms vs escalated 283ms, both receipted.",distillation claims,escalation organ: local judge -> hosted labeler -> idle distill,every escalation carries a usage receipt (pricing-first),budget,unmetered escalation to the hosted teacher,yes,jev-garden/scouts/2026-09-28-living-jev-research.md distillation row + synthesis point 3 (0.056ms / 283ms figures)
external-scouts,meta,external-scouts-P11,2,policy,unexplored: second-generation distill,"What remains untouched: distillation quality against the garden's hashed-head baseline is unresolved (the qthe arm lost the bake-off), and no student-of-the-student (second-generation) distill has been measured on the receipt stream.",bake-off results,open distillation-quality question,,,assuming the distilled student beats the cheap head it lost to,yes,jev-garden/scouts/2026-09-28-living-jev-research.md synthesis point 1 ('lost to the hashed head — the honest bake-off verdict')
external-scouts,meta,external-scouts-P12,1,mechanism,HDC lineage claims,"THDC: 'Hyperdimensional computing (HDC) offers lightweight learning for energy-constrained devices by encoding data into high-dimensional vectors' (arxiv 2602.00116, Jan 2026); ACM survey on HDC/VSA; 'HD/VSA do not rely on backpropagation' (hd-computing.com); IBM NeuroVSA: 'information is superposed... Learning is incremental and fast'.",search hits,the gradient-free representation line,,,overselling HDC as a general replacement for neural nets,yes,"jev-garden/scouts/raw/hyperdimensional_computi.json ranks 0, 2, 3, 5"
external-scouts,meta,external-scouts-P13,2,policy,borrowed: qthe as QTHE-flavored HDC,"What the fleet took: 'The garden's qthe arm is a QTHE-flavored HDC substrate; THDC justifies training-free prototype growth as a first-class method, not a hack' — growth by accumulation instead of gradient descent, exactly what a receipt-fed living model can do at quilt tempo.",HDC claims,justification for qthe's accumulate-don't-train representation,,,treating gradient-free growth as a hack needing apology,yes,jev-garden/scouts/2026-09-28-living-jev-research.md HDC row + synthesis point 1
external-scouts,meta,external-scouts-P14,2,policy,unexplored: VSA-native receipt features,"What remains untouched: the garden's 16-dim 'native' fingerprint is hand-rolled, not VSA-native — bundling/binding ops are not yet applied to receipt-chain features, so the structural index does not yet use the machinery it cites.",receipt chain structure,open VSA-feature question,,,citing VSA while indexing with ad-hoc fingerprints,yes,jev-garden/scouts/2026-09-28-living-jev-research.md HDC row; tidepool README 'native is an optional 16-number domain fingerprint' (si-fleet) shows the hand-rolled state
external-scouts,meta,external-scouts-P15,4,evidence,the junk channel receipt,"continual_learning_from_.json archived 5 results and none are about continual learning: a Toyota production-system slide deck, a 2009 SVN dictionary diff, de Morga's 'History of the Philippine Islands', OSRS Swift-gloves, a RichFaces commit — the query phrasing failed, second time on that channel, and the junk is kept as a receipt.",continual-learning query,"a receipted dud, not a silent gap","junk results are receipted and named in the report, never silently dropped",seal,query-phrasing drift poisoning the scout lane invisibly (exactly what receipting prevents),yes,"jev-garden/scouts/raw/continual_learning_from_.json (5 junk results as read); scout report header 'the continual-learning phrasing returned junk — receipted, 2nd time that channel is weak'"
external-scouts,meta,external-scouts-P16,2,policy,borrowed: nothing — the novel part,"The consequence of the dud: 'Growth-from-usage: (junk receipted) — No crisp external reference found — this is the part we're building novel, with pre-registered claims instead of citations' — the only garden pillar whose justification is prospective rather than borrowed.",empty external anchor,pre-registered novelty claim (P-G1(b) style),"an unanchored pillar must carry pre-registered claims, not borrowed citations",precondition,backfilling fake citations for the novel part,yes,jev-garden/scouts/2026-09-28-living-jev-research.md growth-from-usage row
external-scouts,meta,external-scouts-P17,3,interface,the honest ahead/behind interface,"The scout report ends with an ahead/behind section stated plainly: ahead on provenance-grade training data (the growth journal IS the field, hash-chained), determinism crown (P-G5 byte-identical cross-substrate), judgment lifecycle law; behind on scale ('1418 rows is a windowsill, not a greenhouse') and on the ensemble hypothesis (three honest FAILs).",synthesis + bake-off history,a self-assessment a stranger can check,,,scout reports that only flatter the design they serve,yes,jev-garden/scouts/2026-09-28-living-jev-research.md 'Where we are ahead / behind (honest)' section
